"id","name","steward","source","length","description","part_of"
1,"Abes","TestOrganization","TestOrganization",1.4,"TestDescription","dat$SYSTEM_NAME"
2,"Albert Loop","TestOrganization","TestOrganization",1.4,"TestDescription","dat$SYSTEM_NAME"
3,"Alder","TestOrganization","TestOrganization",1.4,"TestDescription","dat$SYSTEM_NAME"
4,"Alder 2","TestOrganization","TestOrganization",1.4,"TestDescription","dat$SYSTEM_NAME"
5,"Anchorage Overlook","TestOrganization","TestOrganization",1.4,"TestDescription","dat$SYSTEM_NAME"
6,"Ballpark","TestOrganization","TestOrganization",1.4,"TestDescription","dat$SYSTEM_NAME"
7,"Bear Point","TestOrganization","TestOrganization",1.4,"TestDescription","dat$SYSTEM_NAME"
8,"Bird Ridge","TestOrganization","TestOrganization",1.4,"TestDescription","dat$SYSTEM_NAME"
9,"Bird Creek","TestOrganization","TestOrganization",1.4,"TestDescription","dat$SYSTEM_NAME"
10,"Bird Point Interp","TestOrganization","TestOrganization",1.4,"TestDescription","dat$SYSTEM_NAME"
11,"Bird Ridge Interp","TestOrganization","TestOrganization",1.4,"TestDescription","dat$SYSTEM_NAME"
12,"Bird Valley","TestOrganization","TestOrganization",1.4,"TestDescription","dat$SYSTEM_NAME"
13,"Blacktail Ptarmigan Rocks","TestOrganization","TestOrganization",1.4,"TestDescription","dat$SYSTEM_NAME"
14,"Blueberry Hollow","TestOrganization","TestOrganization",1.4,"TestDescription","dat$SYSTEM_NAME"
15,"Blueberry Loop","TestOrganization","TestOrganization",1.4,"TestDescription","dat$SYSTEM_NAME"
16,"Bold Ridge","TestOrganization","TestOrganization",1.4,"TestDescription","dat$SYSTEM_NAME"
17,"Cali Creek","TestOrganization","TestOrganization",1.4,"TestDescription","dat$SYSTEM_NAME"
18,"Connector 1","TestOrganization","TestOrganization",1.4,"TestDescription","dat$SYSTEM_NAME"
19,"Connector 2","TestOrganization","TestOrganization",1.4,"TestDescription","dat$SYSTEM_NAME"
20,"Crow Pass","TestOrganization","TestOrganization",1.4,"TestDescription","dat$SYSTEM_NAME"
21,"Denali View","TestOrganization","TestOrganization",1.4,"TestDescription","dat$SYSTEM_NAME"
22,"Dew Mound","TestOrganization","TestOrganization",1.4,"TestDescription","dat$SYSTEM_NAME"
23,"Eagle River Greenbelt","TestOrganization","TestOrganization",1.4,"TestDescription","dat$SYSTEM_NAME"
24,"Eagle River North Fork Access","TestOrganization","TestOrganization",1.4,"TestDescription","dat$SYSTEM_NAME"
25,"East Fork Eklutha River","TestOrganization","TestOrganization",1.4,"TestDescription","dat$SYSTEM_NAME"
26,"Eklutna Lakeside","TestOrganization","TestOrganization",1.4,"TestDescription","dat$SYSTEM_NAME"
27,"Eklutna Lake Spillway","TestOrganization","TestOrganization",1.4,"TestDescription","dat$SYSTEM_NAME"
28,"Eklutna Spillway","TestOrganization","TestOrganization",1.4,"TestDescription","dat$SYSTEM_NAME"
29,"ER Access1","TestOrganization","TestOrganization",1.4,"TestDescription","dat$SYSTEM_NAME"
30,"ER Access2","TestOrganization","TestOrganization",1.4,"TestDescription","dat$SYSTEM_NAME"
31,"ER Access3","TestOrganization","TestOrganization",1.4,"TestDescription","dat$SYSTEM_NAME"
32,"Falls Creek","TestOrganization","TestOrganization",1.4,"TestDescription","dat$SYSTEM_NAME"
33,"Flattop Peak","TestOrganization","TestOrganization",1.4,"TestDescription","dat$SYSTEM_NAME"
34,"Four Corners Loop","TestOrganization","TestOrganization",1.4,"TestDescription","dat$SYSTEM_NAME"
35,"Gasline","TestOrganization","TestOrganization",1.4,"TestDescription","dat$SYSTEM_NAME"
36,"Golden Grass","TestOrganization","TestOrganization",1.4,"TestDescription","dat$SYSTEM_NAME"
37,"Grand View","TestOrganization","TestOrganization",1.4,"TestDescription","dat$SYSTEM_NAME"
38,"Hanging Valley","TestOrganization","TestOrganization",1.4,"TestDescription","dat$SYSTEM_NAME"
39,"Hemlock Knob","TestOrganization","TestOrganization",1.4,"TestDescription","dat$SYSTEM_NAME"
40,"Hidden Lake","TestOrganization","TestOrganization",1.4,"TestDescription","dat$SYSTEM_NAME"
41,"Indian Creek Pass","TestOrganization","TestOrganization",1.4,"TestDescription","dat$SYSTEM_NAME"
42,"Indian To Bird Bike","TestOrganization","TestOrganization",1.4,"TestDescription","dat$SYSTEM_NAME"
43,"Lake Spur HV","TestOrganization","TestOrganization",1.4,"TestDescription","dat$SYSTEM_NAME"
44,"Little Loop","TestOrganization","TestOrganization",1.4,"TestDescription","dat$SYSTEM_NAME"
45,"Little Omalley","TestOrganization","TestOrganization",1.4,"TestDescription","dat$SYSTEM_NAME"
46,"Long Lake","TestOrganization","TestOrganization",1.4,"TestDescription","dat$SYSTEM_NAME"
47,"Lost Cabin Valley","TestOrganization","TestOrganization",1.4,"TestDescription","dat$SYSTEM_NAME"
48,"McHugh Lake","TestOrganization","TestOrganization",1.4,"TestDescription","dat$SYSTEM_NAME"
49,"Meadow Creek","TestOrganization","TestOrganization",1.4,"TestDescription","dat$SYSTEM_NAME"
50,"Middle Fork Loop","TestOrganization","TestOrganization",1.4,"TestDescription","dat$SYSTEM_NAME"
51,"Mile High Ridge","TestOrganization","TestOrganization",1.4,"TestDescription","dat$SYSTEM_NAME"
52,"Mile High Saddle","TestOrganization","TestOrganization",1.4,"TestDescription","dat$SYSTEM_NAME"
53,"Mountain Meadow","TestOrganization","TestOrganization",1.4,"TestDescription","dat$SYSTEM_NAME"
54,"Mt Baldy","TestOrganization","TestOrganization",1.4,"TestDescription","dat$SYSTEM_NAME"
55,"Mt Eklutna","TestOrganization","TestOrganization",1.4,"TestDescription","dat$SYSTEM_NAME"
56,"Muktuk Marstib Memorial","TestOrganization","TestOrganization",1.4,"TestDescription","dat$SYSTEM_NAME"
57,"Near Point","TestOrganization","TestOrganization",1.4,"TestDescription","dat$SYSTEM_NAME"
58,"North Fork","TestOrganization","TestOrganization",1.4,"TestDescription","dat$SYSTEM_NAME"
59,"Panorama View","TestOrganization","TestOrganization",1.4,"TestDescription","dat$SYSTEM_NAME"
60,"Penguin Peak","TestOrganization","TestOrganization",1.4,"TestDescription","dat$SYSTEM_NAME"
61,"Penguin Creek","TestOrganization","TestOrganization",1.4,"TestDescription","dat$SYSTEM_NAME"
62,"Peters Valley","TestOrganization","TestOrganization",1.4,"TestDescription","dat$SYSTEM_NAME"
63,"Picnic Loop","TestOrganization","TestOrganization",1.4,"TestDescription","dat$SYSTEM_NAME"
64,"Powerline","TestOrganization","TestOrganization",1.4,"TestDescription","dat$SYSTEM_NAME"
65,"Powerline Access","TestOrganization","TestOrganization",1.4,"TestDescription","dat$SYSTEM_NAME"
66,"Ptarmigan Valley","TestOrganization","TestOrganization",1.4,"TestDescription","dat$SYSTEM_NAME"
67,"Ptarmigan Pass","TestOrganization","TestOrganization",1.4,"TestDescription","dat$SYSTEM_NAME"
68,"Public Use Cabin","TestOrganization","TestOrganization",1.4,"TestDescription","dat$SYSTEM_NAME"
69,"Rabbit Lake","TestOrganization","TestOrganization",1.4,"TestDescription","dat$SYSTEM_NAME"
70,"Rapids Camp Loop","TestOrganization","TestOrganization",1.4,"TestDescription","dat$SYSTEM_NAME"
71,"Rapids Camp Yurt","TestOrganization","TestOrganization",1.4,"TestDescription","dat$SYSTEM_NAME"
72,"River Loop","TestOrganization","TestOrganization",1.4,"TestDescription","dat$SYSTEM_NAME"
73,"River Loop Yurt","TestOrganization","TestOrganization",1.4,"TestDescription","dat$SYSTEM_NAME"
74,"RL Interp","TestOrganization","TestOrganization",1.4,"TestDescription","dat$SYSTEM_NAME"
75,"RL Interp 2","TestOrganization","TestOrganization",1.4,"TestDescription","dat$SYSTEM_NAME"
76,"RL Interp 3","TestOrganization","TestOrganization",1.4,"TestDescription","dat$SYSTEM_NAME"
77,"Rodak Nature Loop","TestOrganization","TestOrganization",1.4,"TestDescription","dat$SYSTEM_NAME"
78,"Rondevous Peak","TestOrganization","TestOrganization",1.4,"TestDescription","dat$SYSTEM_NAME"
79,"Rondevous Ridge","TestOrganization","TestOrganization",1.4,"TestDescription","dat$SYSTEM_NAME"
80,"Ship Lake Pass","TestOrganization","TestOrganization",1.4,"TestDescription","dat$SYSTEM_NAME"
81,"Silver Fern","TestOrganization","TestOrganization",1.4,"TestDescription","dat$SYSTEM_NAME"
82,"Snowmobile Entrance","TestOrganization","TestOrganization",1.4,"TestDescription","dat$SYSTEM_NAME"
83,"Snowmobile Exit","TestOrganization","TestOrganization",1.4,"TestDescription","dat$SYSTEM_NAME"
84,"South Fork ER","TestOrganization","TestOrganization",1.4,"TestDescription","dat$SYSTEM_NAME"
85,"South Fork Rim","TestOrganization","TestOrganization",1.4,"TestDescription","dat$SYSTEM_NAME"
86,"Spencer","TestOrganization","TestOrganization",1.4,"TestDescription","dat$SYSTEM_NAME"
87,"Spencer Loop","TestOrganization","TestOrganization",1.4,"TestDescription","dat$SYSTEM_NAME"
88,"Spur 1","TestOrganization","TestOrganization",1.4,"TestDescription","dat$SYSTEM_NAME"
89,"Spur 2","TestOrganization","TestOrganization",1.4,"TestDescription","dat$SYSTEM_NAME"
90,"Thunderbird Falls","TestOrganization","TestOrganization",1.4,"TestDescription","dat$SYSTEM_NAME"
91,"Track 7","TestOrganization","TestOrganization",1.4,"TestDescription","dat$SYSTEM_NAME"
92,"Turnagain Arm","TestOrganization","TestOrganization",1.4,"TestDescription","dat$SYSTEM_NAME"
93,"Turnagain Arm Interpretive","TestOrganization","TestOrganization",1.4,"TestDescription","dat$SYSTEM_NAME"
94,"Twin Peaks","TestOrganization","TestOrganization",1.4,"TestDescription","dat$SYSTEM_NAME"
95,"White Spruce","TestOrganization","TestOrganization",1.4,"TestDescription","dat$SYSTEM_NAME"
96,"Williwaw Lakes","TestOrganization","TestOrganization",1.4,"TestDescription","dat$SYSTEM_NAME"
97,"Wolverine Peak","TestOrganization","TestOrganization",1.4,"TestDescription","dat$SYSTEM_NAME"
98,"Wolverine Bowl","TestOrganization","TestOrganization",1.4,"TestDescription","dat$SYSTEM_NAME"
99,"Wolverine Bowl Loop","TestOrganization","TestOrganization",1.4,"TestDescription","dat$SYSTEM_NAME"
100,"Yurt Classrom","TestOrganization","TestOrganization",1.4,"TestDescription","dat$SYSTEM_NAME"
101,"Chester Creek Trail","TestOrganization","TestOrganization",1.4,"TestDescription","dat$SYSTEM_NAME"
102,"Out H To Cutoff","TestOrganization","TestOrganization",1.4,"TestDescription","dat$SYSTEM_NAME"
103,"In Cutoff To H","TestOrganization","TestOrganization",1.4,"TestDescription","dat$SYSTEM_NAME"
104,"Inbound","TestOrganization","TestOrganization",1.4,"TestDescription","dat$SYSTEM_NAME"
105,"Outbound","TestOrganization","TestOrganization",1.4,"TestDescription","dat$SYSTEM_NAME"
106,"2.5 Km","TestOrganization","TestOrganization",1.4,"TestDescription","dat$SYSTEM_NAME"
107,"Mirror Lake Park","TestOrganization","TestOrganization",1.4,"TestDescription","dat$SYSTEM_NAME"
108,"Mize Loop","TestOrganization","TestOrganization",1.4,"TestDescription","dat$SYSTEM_NAME"
109,"Chalet Loop","TestOrganization","TestOrganization",1.4,"TestDescription","dat$SYSTEM_NAME"
110,"Sullivan Nature Trail","TestOrganization","TestOrganization",1.4,"TestDescription","dat$SYSTEM_NAME"
111,"Tikishla Park Trail","TestOrganization","TestOrganization",1.4,"TestDescription","dat$SYSTEM_NAME"
112,"Bridge Loop","TestOrganization","TestOrganization",1.4,"TestDescription","dat$SYSTEM_NAME"
113,"Christy Loop","TestOrganization","TestOrganization",1.4,"TestDescription","dat$SYSTEM_NAME"
114,"Tour Of Anchorage","TestOrganization","TestOrganization",1.4,"TestDescription","dat$SYSTEM_NAME"
115,"Campbell Creek Trail","TestOrganization","TestOrganization",1.4,"TestDescription","dat$SYSTEM_NAME"
116,"HILL","TestOrganization","TestOrganization",1.4,"TestDescription","dat$SYSTEM_NAME"
117,"Coyote Trail","TestOrganization","TestOrganization",1.4,"TestDescription","dat$SYSTEM_NAME"
118,"Tank Trail","TestOrganization","TestOrganization",1.4,"TestDescription","dat$SYSTEM_NAME"
119,"Centennial","TestOrganization","TestOrganization",1.4,"TestDescription","dat$SYSTEM_NAME"
120,"Ship Creek","TestOrganization","TestOrganization",1.4,"TestDescription","dat$SYSTEM_NAME"
121,"UAA Ski","TestOrganization","TestOrganization",1.4,"TestDescription","dat$SYSTEM_NAME"
122,"Coastal Trail","TestOrganization","TestOrganization",1.4,"TestDescription","dat$SYSTEM_NAME"
123,"Bartlett","TestOrganization","TestOrganization",1.4,"TestDescription","dat$SYSTEM_NAME"
124,"Inner Loop Trail","TestOrganization","TestOrganization",1.4,"TestDescription","dat$SYSTEM_NAME"
125,"14 Mile Loop","TestOrganization","TestOrganization",1.4,"TestDescription","dat$SYSTEM_NAME"
126,"Homecoming/poleline","TestOrganization","TestOrganization",1.4,"TestDescription","dat$SYSTEM_NAME"
127,"Abbott Loop Trail","TestOrganization","TestOrganization",1.4,"TestDescription","dat$SYSTEM_NAME"
128,"Ice Box","TestOrganization","TestOrganization",1.4,"TestDescription","dat$SYSTEM_NAME"
129,"Corral Loop","TestOrganization","TestOrganization",1.4,"TestDescription","dat$SYSTEM_NAME"
130,"Russian Jack Spur","TestOrganization","TestOrganization",1.4,"TestDescription","dat$SYSTEM_NAME"
131,"Hornet's Nest","TestOrganization","TestOrganization",1.4,"TestDescription","dat$SYSTEM_NAME"
132,"Janice's Jive","TestOrganization","TestOrganization",1.4,"TestDescription","dat$SYSTEM_NAME"
133,"Baxter Bog","TestOrganization","TestOrganization",1.4,"TestDescription","dat$SYSTEM_NAME"
134,"Glenn Hwy Trail","TestOrganization","TestOrganization",1.4,"TestDescription","dat$SYSTEM_NAME"
135,"The Hive","TestOrganization","TestOrganization",1.4,"TestDescription","dat$SYSTEM_NAME"
136,"Junkyard","TestOrganization","TestOrganization",1.4,"TestDescription","dat$SYSTEM_NAME"
137,"Outgoing Trail","TestOrganization","TestOrganization",1.4,"TestDescription","dat$SYSTEM_NAME"
138,"Queen Bee Loop","TestOrganization","TestOrganization",1.4,"TestDescription","dat$SYSTEM_NAME"
139,"Upper Gasline Trail","TestOrganization","TestOrganization",1.4,"TestDescription","dat$SYSTEM_NAME"
140,"Beaver Dam Trail","TestOrganization","TestOrganization",1.4,"TestDescription","dat$SYSTEM_NAME"
141,"Arlene's Way","TestOrganization","TestOrganization",1.4,"TestDescription","dat$SYSTEM_NAME"
142,"Viewpoint Trail","TestOrganization","TestOrganization",1.4,"TestDescription","dat$SYSTEM_NAME"
143,"Lake Loop","TestOrganization","TestOrganization",1.4,"TestDescription","dat$SYSTEM_NAME"
144,"Yellow Jacket","TestOrganization","TestOrganization",1.4,"TestDescription","dat$SYSTEM_NAME"
145,"Shield's Trail","TestOrganization","TestOrganization",1.4,"TestDescription","dat$SYSTEM_NAME"
146,"Old Rondy Trail","TestOrganization","TestOrganization",1.4,"TestDescription","dat$SYSTEM_NAME"
147,"Goose Lake Trail","TestOrganization","TestOrganization",1.4,"TestDescription","dat$SYSTEM_NAME"
148,"Rover's Run Trail","TestOrganization","TestOrganization",1.4,"TestDescription","dat$SYSTEM_NAME"
149,"Eight Mile Trail","TestOrganization","TestOrganization",1.4,"TestDescription","dat$SYSTEM_NAME"
150,"2.5 Km Loop","TestOrganization","TestOrganization",1.4,"TestDescription","dat$SYSTEM_NAME"
151,"Abbott Trail","TestOrganization","TestOrganization",1.4,"TestDescription","dat$SYSTEM_NAME"
152,"Nordic Trail","TestOrganization","TestOrganization",1.4,"TestDescription","dat$SYSTEM_NAME"
153,"Appendix","TestOrganization","TestOrganization",1.4,"TestDescription","dat$SYSTEM_NAME"
154,"Moose Meadow Trail","TestOrganization","TestOrganization",1.4,"TestDescription","dat$SYSTEM_NAME"
155,"Alyeska Highway Trail","TestOrganization","TestOrganization",1.4,"TestDescription","dat$SYSTEM_NAME"
156,"Moose Ridge Loop","TestOrganization","TestOrganization",1.4,"TestDescription","dat$SYSTEM_NAME"
157,"2.1 Km Loop","TestOrganization","TestOrganization",1.4,"TestDescription","dat$SYSTEM_NAME"
158,"4.5km Loop","TestOrganization","TestOrganization",1.4,"TestDescription","dat$SYSTEM_NAME"
159,"Old Three Mile Trail","TestOrganization","TestOrganization",1.4,"TestDescription","dat$SYSTEM_NAME"
160,"Whaley Sch. Trail","TestOrganization","TestOrganization",1.4,"TestDescription","dat$SYSTEM_NAME"
161,"Homestead Trail","TestOrganization","TestOrganization",1.4,"TestDescription","dat$SYSTEM_NAME"
162,"Four Corners Connector Loop","TestOrganization","TestOrganization",1.4,"TestDescription","dat$SYSTEM_NAME"
163,"Big Dipper","TestOrganization","TestOrganization",1.4,"TestDescription","dat$SYSTEM_NAME"
164,"Mahaffey/APU","TestOrganization","TestOrganization",1.4,"TestDescription","dat$SYSTEM_NAME"
165,"North Coastal Trail","TestOrganization","TestOrganization",1.4,"TestDescription","dat$SYSTEM_NAME"
166,"Alyeska Basin Subdivision Trails","TestOrganization","TestOrganization",1.4,"TestDescription","dat$SYSTEM_NAME"
167,"The Burn Lighted Loop","TestOrganization","TestOrganization",1.4,"TestDescription","dat$SYSTEM_NAME"
168,"Tiny Creek Trails","TestOrganization","TestOrganization",1.4,"TestDescription","dat$SYSTEM_NAME"
169,"Jodhpur Loop","TestOrganization","TestOrganization",1.4,"TestDescription","dat$SYSTEM_NAME"
170,"Margauxs Loop","TestOrganization","TestOrganization",1.4,"TestDescription","dat$SYSTEM_NAME"
171,"Glacier Creek/iditarod Trail System","TestOrganization","TestOrganization",1.4,"TestDescription","dat$SYSTEM_NAME"
172,"Moose Ridge Trail","TestOrganization","TestOrganization",1.4,"TestDescription","dat$SYSTEM_NAME"
173,"Picket Spur Trail","TestOrganization","TestOrganization",1.4,"TestDescription","dat$SYSTEM_NAME"
174,"Unnnamed","TestOrganization","TestOrganization",1.4,"TestDescription","dat$SYSTEM_NAME"
175,"Preliminary Iditarod Realignment (2002)","TestOrganization","TestOrganization",1.4,"TestDescription","dat$SYSTEM_NAME"
176,"Alex Sisson Loop","TestOrganization","TestOrganization",1.4,"TestDescription","dat$SYSTEM_NAME"
177,"Upper Moen","TestOrganization","TestOrganization",1.4,"TestDescription","dat$SYSTEM_NAME"
178,"Little Rc Gully Route","TestOrganization","TestOrganization",1.4,"TestDescription","dat$SYSTEM_NAME"
179,"W Face Baldy","TestOrganization","TestOrganization",1.4,"TestDescription","dat$SYSTEM_NAME"
180,"North Gasline/powerline Trail","TestOrganization","TestOrganization",1.4,"TestDescription","dat$SYSTEM_NAME"
181,"Biathalon Loop","TestOrganization","TestOrganization",1.4,"TestDescription","dat$SYSTEM_NAME"
182,"Lekisch Dark Alley","TestOrganization","TestOrganization",1.4,"TestDescription","dat$SYSTEM_NAME"
183,"Lekisch Loop","TestOrganization","TestOrganization",1.4,"TestDescription","dat$SYSTEM_NAME"
184,"Andrew Lekisch Trail","TestOrganization","TestOrganization",1.4,"TestDescription","dat$SYSTEM_NAME"
185,"Main","TestOrganization","TestOrganization",1.4,"TestDescription","dat$SYSTEM_NAME"
186,"Peanut Farm","TestOrganization","TestOrganization",1.4,"TestDescription","dat$SYSTEM_NAME"
187,"4.5km Loop Trail","TestOrganization","TestOrganization",1.4,"TestDescription","dat$SYSTEM_NAME"
188,"Sisson Loop","TestOrganization","TestOrganization",1.4,"TestDescription","dat$SYSTEM_NAME"
189,"Maximilian","TestOrganization","TestOrganization",1.4,"TestDescription","dat$SYSTEM_NAME"
190,"The Football","TestOrganization","TestOrganization",1.4,"TestDescription","dat$SYSTEM_NAME"
191,"Airstrip Loop","TestOrganization","TestOrganization",1.4,"TestDescription","dat$SYSTEM_NAME"
192,"Glen Alps/ Middle Fork","TestOrganization","TestOrganization",1.4,"TestDescription","dat$SYSTEM_NAME"
193,"Flattop","TestOrganization","TestOrganization",1.4,"TestDescription","dat$SYSTEM_NAME"
194,"Payne Path","TestOrganization","TestOrganization",1.4,"TestDescription","dat$SYSTEM_NAME"
195,"Junkyard Hill","TestOrganization","TestOrganization",1.4,"TestDescription","dat$SYSTEM_NAME"
196,"Besh Lighted Loop","TestOrganization","TestOrganization",1.4,"TestDescription","dat$SYSTEM_NAME"
197,"Beaver Pond Trail","TestOrganization","TestOrganization",1.4,"TestDescription","dat$SYSTEM_NAME"
198,"Virgin Creek Trail System","TestOrganization","TestOrganization",1.4,"TestDescription","dat$SYSTEM_NAME"
199,"Gasline Trail","TestOrganization","TestOrganization",1.4,"TestDescription","dat$SYSTEM_NAME"
200,"Richter Loop","TestOrganization","TestOrganization",1.4,"TestDescription","dat$SYSTEM_NAME"
201,"BLM Ridge","TestOrganization","TestOrganization",1.4,"TestDescription","dat$SYSTEM_NAME"
202,"Woodway Loop Trail","TestOrganization","TestOrganization",1.4,"TestDescription","dat$SYSTEM_NAME"
203,"Off Leash Trail","TestOrganization","TestOrganization",1.4,"TestDescription","dat$SYSTEM_NAME"
204,"Roller Coaster","TestOrganization","TestOrganization",1.4,"TestDescription","dat$SYSTEM_NAME"
205,"Grass Trail","TestOrganization","TestOrganization",1.4,"TestDescription","dat$SYSTEM_NAME"
206,"Six Mile Trail","TestOrganization","TestOrganization",1.4,"TestDescription","dat$SYSTEM_NAME"
207,"Inner Lake Loop","TestOrganization","TestOrganization",1.4,"TestDescription","dat$SYSTEM_NAME"
208,"Dark Alley","TestOrganization","TestOrganization",1.4,"TestDescription","dat$SYSTEM_NAME"
209,"Horseshoe Loop","TestOrganization","TestOrganization",1.4,"TestDescription","dat$SYSTEM_NAME"
210,"Hillside Loop","TestOrganization","TestOrganization",1.4,"TestDescription","dat$SYSTEM_NAME"
211,"Randys Loop","TestOrganization","TestOrganization",1.4,"TestDescription","dat$SYSTEM_NAME"
212,"Elevator","TestOrganization","TestOrganization",1.4,"TestDescription","dat$SYSTEM_NAME"
213,"Southside Switchback","TestOrganization","TestOrganization",1.4,"TestDescription","dat$SYSTEM_NAME"
214,"West Face","TestOrganization","TestOrganization",1.4,"TestDescription","dat$SYSTEM_NAME"
215,"Airstrip Trail","TestOrganization","TestOrganization",1.4,"TestDescription","dat$SYSTEM_NAME"
216,"Johnson Trail","TestOrganization","TestOrganization",1.4,"TestDescription","dat$SYSTEM_NAME"
217,"RC Meadow 3","TestOrganization","TestOrganization",1.4,"TestDescription","dat$SYSTEM_NAME"
218,"RC Meadow 4","TestOrganization","TestOrganization",1.4,"TestDescription","dat$SYSTEM_NAME"
219,"North Gasline Trail","TestOrganization","TestOrganization",1.4,"TestDescription","dat$SYSTEM_NAME"
220,"Mizes Folly","TestOrganization","TestOrganization",1.4,"TestDescription","dat$SYSTEM_NAME"
221,"Bog Trail","TestOrganization","TestOrganization",1.4,"TestDescription","dat$SYSTEM_NAME"
222,"Dome Trail","TestOrganization","TestOrganization",1.4,"TestDescription","dat$SYSTEM_NAME"
223,"Ann's Alley","TestOrganization","TestOrganization",1.4,"TestDescription","dat$SYSTEM_NAME"
224,"Short Cut","TestOrganization","TestOrganization",1.4,"TestDescription","dat$SYSTEM_NAME"
225,"Junior Nordic Loop","TestOrganization","TestOrganization",1.4,"TestDescription","dat$SYSTEM_NAME"
226,"Elliots Climb","TestOrganization","TestOrganization",1.4,"TestDescription","dat$SYSTEM_NAME"
227,"Moose Track Trail","TestOrganization","TestOrganization",1.4,"TestDescription","dat$SYSTEM_NAME"
228,"So Baldy Traverse","TestOrganization","TestOrganization",1.4,"TestDescription","dat$SYSTEM_NAME"
229,"Multi-use To Bivouc","TestOrganization","TestOrganization",1.4,"TestDescription","dat$SYSTEM_NAME"
230,"Lakeside Loop","TestOrganization","TestOrganization",1.4,"TestDescription","dat$SYSTEM_NAME"
231,"Spruce Loop","TestOrganization","TestOrganization",1.4,"TestDescription","dat$SYSTEM_NAME"
232,"S Turns","TestOrganization","TestOrganization",1.4,"TestDescription","dat$SYSTEM_NAME"
233,"Old 3.9","TestOrganization","TestOrganization",1.4,"TestDescription","dat$SYSTEM_NAME"
234,"Compression","TestOrganization","TestOrganization",1.4,"TestDescription","dat$SYSTEM_NAME"
235,"Old Six","TestOrganization","TestOrganization",1.4,"TestDescription","dat$SYSTEM_NAME"
236,"Glenn Hwy. Trail","TestOrganization","TestOrganization",1.4,"TestDescription","dat$SYSTEM_NAME"
237,"Spencer Short Cut","TestOrganization","TestOrganization",1.4,"TestDescription","dat$SYSTEM_NAME"
238,"Gasline To Rabbit Cr Rd","TestOrganization","TestOrganization",1.4,"TestDescription","dat$SYSTEM_NAME"
239,"Southpark Lp","TestOrganization","TestOrganization",1.4,"TestDescription","dat$SYSTEM_NAME"
240,"Little Rabbit Creek","TestOrganization","TestOrganization",1.4,"TestDescription","dat$SYSTEM_NAME"
241,"Terrace Wood Connection","TestOrganization","TestOrganization",1.4,"TestDescription","dat$SYSTEM_NAME"
242,"Cobblestone Hill Rd","TestOrganization","TestOrganization",1.4,"TestDescription","dat$SYSTEM_NAME"
243,"View Rock Trail","TestOrganization","TestOrganization",1.4,"TestDescription","dat$SYSTEM_NAME"
244,"After Dinner Tr","TestOrganization","TestOrganization",1.4,"TestDescription","dat$SYSTEM_NAME"
245,"Snow Bear Path","TestOrganization","TestOrganization",1.4,"TestDescription","dat$SYSTEM_NAME"
246,"E 172nd Trail","TestOrganization","TestOrganization",1.4,"TestDescription","dat$SYSTEM_NAME"
247,"X Hmstd Rd","TestOrganization","TestOrganization",1.4,"TestDescription","dat$SYSTEM_NAME"
248,"RC Meadow 5","TestOrganization","TestOrganization",1.4,"TestDescription","dat$SYSTEM_NAME"
249,"Southwest","TestOrganization","TestOrganization",1.4,"TestDescription","dat$SYSTEM_NAME"
250,"along lake to south","TestOrganization","TestOrganization",1.4,"TestDescription","dat$SYSTEM_NAME"
251,"Lower Moen Hmstd","TestOrganization","TestOrganization",1.4,"TestDescription","dat$SYSTEM_NAME"
252,"Old Hwy Trail","TestOrganization","TestOrganization",1.4,"TestDescription","dat$SYSTEM_NAME"
253,"East Rib To Mchugh Cr","TestOrganization","TestOrganization",1.4,"TestDescription","dat$SYSTEM_NAME"
254,"Potter Interp. Trail","TestOrganization","TestOrganization",1.4,"TestDescription","dat$SYSTEM_NAME"
255,"So Potter Ridge","TestOrganization","TestOrganization",1.4,"TestDescription","dat$SYSTEM_NAME"
256,"Potter Mchugh Ridge","TestOrganization","TestOrganization",1.4,"TestDescription","dat$SYSTEM_NAME"
257,"Powerline/near Point","TestOrganization","TestOrganization",1.4,"TestDescription","dat$SYSTEM_NAME"
258,"Powerline/gasline","TestOrganization","TestOrganization",1.4,"TestDescription","dat$SYSTEM_NAME"
259,"Cuddy Family Midtown Park Loop","TestOrganization","TestOrganization",1.4,"TestDescription","dat$SYSTEM_NAME"
260,"Winner Creek Trail","TestOrganization","TestOrganization",1.4,"TestDescription","dat$SYSTEM_NAME"
261,"California Creek Trail","TestOrganization","TestOrganization",1.4,"TestDescription","dat$SYSTEM_NAME"
262,"Athabascan Physics Trail","TestOrganization","TestOrganization",1.4,"TestDescription","dat$SYSTEM_NAME"
263,"Iditarod Trail","TestOrganization","TestOrganization",1.4,"TestDescription","dat$SYSTEM_NAME"
264,"Mud Bog Trail","TestOrganization","TestOrganization",1.4,"TestDescription","dat$SYSTEM_NAME"
265,"Connect","TestOrganization","TestOrganization",1.4,"TestDescription","dat$SYSTEM_NAME"
266,"Sec 36 Hmstd Rd","TestOrganization","TestOrganization",1.4,"TestDescription","dat$SYSTEM_NAME"
267,"Glenalps View Loop","TestOrganization","TestOrganization",1.4,"TestDescription","dat$SYSTEM_NAME"
268,"Hill Topper Loop","TestOrganization","TestOrganization",1.4,"TestDescription","dat$SYSTEM_NAME"
269,"To Lake","TestOrganization","TestOrganization",1.4,"TestDescription","dat$SYSTEM_NAME"
270,"Minnesota Moose Loop","TestOrganization","TestOrganization",1.4,"TestDescription","dat$SYSTEM_NAME"
271,"Hand Tram Trail","TestOrganization","TestOrganization",1.4,"TestDescription","dat$SYSTEM_NAME"
272,"Prospect/middle Fork","TestOrganization","TestOrganization",1.4,"TestDescription","dat$SYSTEM_NAME"
273,"Upper Huffman Access","TestOrganization","TestOrganization",1.4,"TestDescription","dat$SYSTEM_NAME"
274,"Glen Alps To Powerline A","TestOrganization","TestOrganization",1.4,"TestDescription","dat$SYSTEM_NAME"
275,"Glenalps To Powerline B","TestOrganization","TestOrganization",1.4,"TestDescription","dat$SYSTEM_NAME"
276,"Rabbit Creek Greenbelt","TestOrganization","TestOrganization",1.4,"TestDescription","dat$SYSTEM_NAME"
277,"RC Spur","TestOrganization","TestOrganization",1.4,"TestDescription","dat$SYSTEM_NAME"
278,"RC Meadow 2","TestOrganization","TestOrganization",1.4,"TestDescription","dat$SYSTEM_NAME"
279,"Prator Spur","TestOrganization","TestOrganization",1.4,"TestDescription","dat$SYSTEM_NAME"
280,"East Boundary Trail","TestOrganization","TestOrganization",1.4,"TestDescription","dat$SYSTEM_NAME"
281,"N. Picket Trail","TestOrganization","TestOrganization",1.4,"TestDescription","dat$SYSTEM_NAME"
282,"RC Meadow 1","TestOrganization","TestOrganization",1.4,"TestDescription","dat$SYSTEM_NAME"
283,"Real Ridge","TestOrganization","TestOrganization",1.4,"TestDescription","dat$SYSTEM_NAME"
284,"Ridge Loop","TestOrganization","TestOrganization",1.4,"TestDescription","dat$SYSTEM_NAME"
285,"Ship Creek Trail","TestOrganization","TestOrganization",1.4,"TestDescription","dat$SYSTEM_NAME"
286,"Moose Hill","TestOrganization","TestOrganization",1.4,"TestDescription","dat$SYSTEM_NAME"
287,"7.5 Km","TestOrganization","TestOrganization",1.4,"TestDescription","dat$SYSTEM_NAME"
288,"Mama's Loop","TestOrganization","TestOrganization",1.4,"TestDescription","dat$SYSTEM_NAME"
289,"Hill Loop","TestOrganization","TestOrganization",1.4,"TestDescription","dat$SYSTEM_NAME"
290,"SLEDING HILL","TestOrganization","TestOrganization",1.4,"TestDescription","dat$SYSTEM_NAME"
291,"to main","TestOrganization","TestOrganization",1.4,"TestDescription","dat$SYSTEM_NAME"
292,"Along Lake","TestOrganization","TestOrganization",1.4,"TestDescription","dat$SYSTEM_NAME"
293,"Mchugh","TestOrganization","TestOrganization",1.4,"TestDescription","dat$SYSTEM_NAME"
294,"Heights Hill Trail","TestOrganization","TestOrganization",1.4,"TestDescription","dat$SYSTEM_NAME"
295,"Open Bog Trail","TestOrganization","TestOrganization",1.4,"TestDescription","dat$SYSTEM_NAME"
296,"In Far To Cutoff","TestOrganization","TestOrganization",1.4,"TestDescription","dat$SYSTEM_NAME"
297,"Existing Ridge Trail","TestOrganization","TestOrganization",1.4,"TestDescription","dat$SYSTEM_NAME"
298,"U-turn Cut Thru","TestOrganization","TestOrganization",1.4,"TestDescription","dat$SYSTEM_NAME"
299,"Bottom Cut Thru","TestOrganization","TestOrganization",1.4,"TestDescription","dat$SYSTEM_NAME"
300,"Out Cut To Far H","TestOrganization","TestOrganization",1.4,"TestDescription","dat$SYSTEM_NAME"
301,"ER Parks & Rec/HLB Trail","TestOrganization","TestOrganization",1.4,"TestDescription","dat$SYSTEM_NAME"
302,"North Pasture","TestOrganization","TestOrganization",1.4,"TestDescription","dat$SYSTEM_NAME"
303,"10 Ridgetop","TestOrganization","TestOrganization",1.4,"TestDescription","dat$SYSTEM_NAME"
304,"Black Bear Trail","TestOrganization","TestOrganization",1.4,"TestDescription","dat$SYSTEM_NAME"
305,"Gladys Wood Trail","TestOrganization","TestOrganization",1.4,"TestDescription","dat$SYSTEM_NAME"
306,"Run Rover Run","TestOrganization","TestOrganization",1.4,"TestDescription","dat$SYSTEM_NAME"
307,"Tashas Turn (connector)","TestOrganization","TestOrganization",1.4,"TestDescription","dat$SYSTEM_NAME"
308,"Eagle River High School Trail","TestOrganization","TestOrganization",1.4,"TestDescription","dat$SYSTEM_NAME"
309,"Mental Health Trust Loop Trail","TestOrganization","TestOrganization",1.4,"TestDescription","dat$SYSTEM_NAME"
310,"Muldoon Swamp","TestOrganization","TestOrganization",1.4,"TestDescription","dat$SYSTEM_NAME"
311,"Wagon Trail","TestOrganization","TestOrganization",1.4,"TestDescription","dat$SYSTEM_NAME"
312,"E 142nd Trail","TestOrganization","TestOrganization",1.4,"TestDescription","dat$SYSTEM_NAME"
313,"Belarde","TestOrganization","TestOrganization",1.4,"TestDescription","dat$SYSTEM_NAME"
314,"Johnson Trail Spur","TestOrganization","TestOrganization",1.4,"TestDescription","dat$SYSTEM_NAME"
315,"Old Mchugh Creek Trail","TestOrganization","TestOrganization",1.4,"TestDescription","dat$SYSTEM_NAME"
316,"Culvert Trail","TestOrganization","TestOrganization",1.4,"TestDescription","dat$SYSTEM_NAME"
317,"Old 6.9 Loop (icebox/mizes Folly)","TestOrganization","TestOrganization",1.4,"TestDescription","dat$SYSTEM_NAME"
318,"The Wall","TestOrganization","TestOrganization",1.4,"TestDescription","dat$SYSTEM_NAME"
319,"Executioner","TestOrganization","TestOrganization",1.4,"TestDescription","dat$SYSTEM_NAME"
320,"Coach's Cutoff","TestOrganization","TestOrganization",1.4,"TestDescription","dat$SYSTEM_NAME"
321,"Spur Oscar Anderson","TestOrganization","TestOrganization",1.4,"TestDescription","dat$SYSTEM_NAME"
322,"AWWU Trail","TestOrganization","TestOrganization",1.4,"TestDescription","dat$SYSTEM_NAME"
323,"Tower Power","TestOrganization","TestOrganization",1.4,"TestDescription","dat$SYSTEM_NAME"
324,"Kitchen Sink","TestOrganization","TestOrganization",1.4,"TestDescription","dat$SYSTEM_NAME"
325,"Sand Box","TestOrganization","TestOrganization",1.4,"TestDescription","dat$SYSTEM_NAME"
326,"C$ Express","TestOrganization","TestOrganization",1.4,"TestDescription","dat$SYSTEM_NAME"
327,"Lee's Train","TestOrganization","TestOrganization",1.4,"TestDescription","dat$SYSTEM_NAME"
328,"Good Greeff","TestOrganization","TestOrganization",1.4,"TestDescription","dat$SYSTEM_NAME"
329,"QFB","TestOrganization","TestOrganization",1.4,"TestDescription","dat$SYSTEM_NAME"
330,"Mighty Bike","TestOrganization","TestOrganization",1.4,"TestDescription","dat$SYSTEM_NAME"
331,"Bolling Alley","TestOrganization","TestOrganization",1.4,"TestDescription","dat$SYSTEM_NAME"
332,"Toilet Bowl","TestOrganization","TestOrganization",1.4,"TestDescription","dat$SYSTEM_NAME"
333,"Chulitna Bluff","TestOrganization","TestOrganization",1.4,"TestDescription","dat$SYSTEM_NAME"
334,"Crooked Lake","TestOrganization","TestOrganization",1.4,"TestDescription","dat$SYSTEM_NAME"
335,"Plumley-Maud","TestOrganization","TestOrganization",1.4,"TestDescription","dat$SYSTEM_NAME"
336,"Pioneer Ridge/Austin Helmer","TestOrganization","TestOrganization",1.4,"TestDescription","dat$SYSTEM_NAME"
337,"Lazy Mountain","TestOrganization","TestOrganization",1.4,"TestDescription","dat$SYSTEM_NAME"
338,"Morgan Horse","TestOrganization","TestOrganization",1.4,"TestDescription","dat$SYSTEM_NAME"
339,"Sexton","TestOrganization","TestOrganization",1.4,"TestDescription","dat$SYSTEM_NAME"
340,"Envy","TestOrganization","TestOrganization",1.4,"TestDescription","dat$SYSTEM_NAME"
341,"Seventeen Mile Lake","TestOrganization","TestOrganization",1.4,"TestDescription","dat$SYSTEM_NAME"
342,"Baxter Mine","TestOrganization","TestOrganization",1.4,"TestDescription","dat$SYSTEM_NAME"
343,"Wishbone Lake","TestOrganization","TestOrganization",1.4,"TestDescription","dat$SYSTEM_NAME"
344,"Knob Hill","TestOrganization","TestOrganization",1.4,"TestDescription","dat$SYSTEM_NAME"
345,"Eska Creek Falls Multi-Use Trail","TestOrganization","TestOrganization",1.4,"TestDescription","dat$SYSTEM_NAME"
346,"Premier Mine","TestOrganization","TestOrganization",1.4,"TestDescription","dat$SYSTEM_NAME"
347,"Moose Creek Branch RR","TestOrganization","TestOrganization",1.4,"TestDescription","dat$SYSTEM_NAME"
348,"Mint Glacier","TestOrganization","TestOrganization",1.4,"TestDescription","dat$SYSTEM_NAME"
349,"Reed Lakes","TestOrganization","TestOrganization",1.4,"TestDescription","dat$SYSTEM_NAME"
350,"Glacier Creek","TestOrganization","TestOrganization",1.4,"TestDescription","dat$SYSTEM_NAME"
351,"King River","TestOrganization","TestOrganization",1.4,"TestDescription","dat$SYSTEM_NAME"
352,"Chickaloon","TestOrganization","TestOrganization",1.4,"TestDescription","dat$SYSTEM_NAME"
353,"Dan Creek","TestOrganization","TestOrganization",1.4,"TestDescription","dat$SYSTEM_NAME"
354,"Crosswind lake","TestOrganization","TestOrganization",1.4,"TestDescription","dat$SYSTEM_NAME"
355,"Corral Hill","TestOrganization","TestOrganization",1.4,"TestDescription","dat$SYSTEM_NAME"
356,"Archangel","TestOrganization","TestOrganization",1.4,"TestDescription","dat$SYSTEM_NAME"
357,"Upper Willow Creek","TestOrganization","TestOrganization",1.4,"TestDescription","dat$SYSTEM_NAME"
358,"Talkeetna Mail (Herning)","TestOrganization","TestOrganization",1.4,"TestDescription","dat$SYSTEM_NAME"
359,"Canyon Creek","TestOrganization","TestOrganization",1.4,"TestDescription","dat$SYSTEM_NAME"
360,"Woodcutter","TestOrganization","TestOrganization",1.4,"TestDescription","dat$SYSTEM_NAME"
361,"West Gateway","TestOrganization","TestOrganization",1.4,"TestDescription","dat$SYSTEM_NAME"
362,"Mud Lake","TestOrganization","TestOrganization",1.4,"TestDescription","dat$SYSTEM_NAME"
363,"Big Swamp","TestOrganization","TestOrganization",1.4,"TestDescription","dat$SYSTEM_NAME"
364,"Rolly Creek","TestOrganization","TestOrganization",1.4,"TestDescription","dat$SYSTEM_NAME"
365,"Rolly Creek Link","TestOrganization","TestOrganization",1.4,"TestDescription","dat$SYSTEM_NAME"
366,"Talkeetna Lakes Park","TestOrganization","TestOrganization",1.4,"TestDescription","dat$SYSTEM_NAME"
367,"Swan Lake Canoe Route","TestOrganization","TestOrganization",1.4,"TestDescription","dat$SYSTEM_NAME"
368,"Fern Mine","TestOrganization","TestOrganization",1.4,"TestDescription","dat$SYSTEM_NAME"
369,"Matanuska Greenbelt","TestOrganization","TestOrganization",1.4,"TestDescription","dat$SYSTEM_NAME"
370,"Crevasse-Moraine","TestOrganization","TestOrganization",1.4,"TestDescription","dat$SYSTEM_NAME"
371,"Matanuska Peak","TestOrganization","TestOrganization",1.4,"TestDescription","dat$SYSTEM_NAME"
372,"McRoberts Creek","TestOrganization","TestOrganization",1.4,"TestDescription","dat$SYSTEM_NAME"
373,"Carle Wagon","TestOrganization","TestOrganization",1.4,"TestDescription","dat$SYSTEM_NAME"
374,"Government Peak","TestOrganization","TestOrganization",1.4,"TestDescription","dat$SYSTEM_NAME"
375,"GPRA","TestOrganization","TestOrganization",1.4,"TestDescription","dat$SYSTEM_NAME"
