"id","name","steward","source","length","description","part_of"
1,"Abes","TestOrganization","TestOrganization",1.4,"TestDescription","dat$SYSTEM_NAME"
2,"Albert Loop","TestOrganization","TestOrganization",1.4,"TestDescription","dat$SYSTEM_NAME"
3,"Alder","TestOrganization","TestOrganization",1.4,"TestDescription","dat$SYSTEM_NAME"
4,"Alder 2","TestOrganization","TestOrganization",1.4,"TestDescription","dat$SYSTEM_NAME"
5,"Anchorage Overlook","TestOrganization","TestOrganization",1.4,"TestDescription","dat$SYSTEM_NAME"
6,"Ballpark","TestOrganization","TestOrganization",1.4,"TestDescription","dat$SYSTEM_NAME"
7,"Bear Point","TestOrganization","TestOrganization",1.4,"TestDescription","dat$SYSTEM_NAME"
8,"Bird Ridge","TestOrganization","TestOrganization",1.4,"TestDescription","dat$SYSTEM_NAME"
9,"Bird Creek","TestOrganization","TestOrganization",1.4,"TestDescription","dat$SYSTEM_NAME"
10,"Bird Point Interp","TestOrganization","TestOrganization",1.4,"TestDescription","dat$SYSTEM_NAME"
11,"Bird Ridge Interp","TestOrganization","TestOrganization",1.4,"TestDescription","dat$SYSTEM_NAME"
12,"Bird Valley","TestOrganization","TestOrganization",1.4,"TestDescription","dat$SYSTEM_NAME"
13,"Blacktail Ptarmigan Rocks","TestOrganization","TestOrganization",1.4,"TestDescription","dat$SYSTEM_NAME"
14,"Blueberry Hollow","TestOrganization","TestOrganization",1.4,"TestDescription","dat$SYSTEM_NAME"
15,"Blueberry Loop","TestOrganization","TestOrganization",1.4,"TestDescription","dat$SYSTEM_NAME"
16,"Bold Ridge","TestOrganization","TestOrganization",1.4,"TestDescription","dat$SYSTEM_NAME"
17,"Cali Creek","TestOrganization","TestOrganization",1.4,"TestDescription","dat$SYSTEM_NAME"
18,"Connector 1","TestOrganization","TestOrganization",1.4,"TestDescription","dat$SYSTEM_NAME"
19,"Connector 2","TestOrganization","TestOrganization",1.4,"TestDescription","dat$SYSTEM_NAME"
20,"Crow Pass","TestOrganization","TestOrganization",1.4,"TestDescription","dat$SYSTEM_NAME"
21,"Denali View","TestOrganization","TestOrganization",1.4,"TestDescription","dat$SYSTEM_NAME"
22,"Dew Mound","TestOrganization","TestOrganization",1.4,"TestDescription","dat$SYSTEM_NAME"
23,"Eagle River Greenbelt","TestOrganization","TestOrganization",1.4,"TestDescription","dat$SYSTEM_NAME"
24,"Eagle River North Fork Access","TestOrganization","TestOrganization",1.4,"TestDescription","dat$SYSTEM_NAME"
25,"East Fork Eklutha River","TestOrganization","TestOrganization",1.4,"TestDescription","dat$SYSTEM_NAME"
26,"Eklutna Lakeside","TestOrganization","TestOrganization",1.4,"TestDescription","dat$SYSTEM_NAME"
27,"Eklutna Lake Spillway","TestOrganization","TestOrganization",1.4,"TestDescription","dat$SYSTEM_NAME"
28,"Eklutna Spillway","TestOrganization","TestOrganization",1.4,"TestDescription","dat$SYSTEM_NAME"
29,"ER Access1","TestOrganization","TestOrganization",1.4,"TestDescription","dat$SYSTEM_NAME"
30,"ER Access2","TestOrganization","TestOrganization",1.4,"TestDescription","dat$SYSTEM_NAME"
31,"ER Access3","TestOrganization","TestOrganization",1.4,"TestDescription","dat$SYSTEM_NAME"
32,"Falls Creek","TestOrganization","TestOrganization",1.4,"TestDescription","dat$SYSTEM_NAME"
33,"Flattop Peak","TestOrganization","TestOrganization",1.4,"TestDescription","dat$SYSTEM_NAME"
34,"Flattop Peak Alternate","TestOrganization","TestOrganization",1.4,"TestDescription","dat$SYSTEM_NAME"
35,"Four Corners Loop","TestOrganization","TestOrganization",1.4,"TestDescription","dat$SYSTEM_NAME"
36,"Gasline","TestOrganization","TestOrganization",1.4,"TestDescription","dat$SYSTEM_NAME"
37,"Golden Grass","TestOrganization","TestOrganization",1.4,"TestDescription","dat$SYSTEM_NAME"
38,"Grand View","TestOrganization","TestOrganization",1.4,"TestDescription","dat$SYSTEM_NAME"
39,"Hanging Valley","TestOrganization","TestOrganization",1.4,"TestDescription","dat$SYSTEM_NAME"
40,"Hemlock Knob","TestOrganization","TestOrganization",1.4,"TestDescription","dat$SYSTEM_NAME"
41,"Hidden Lake","TestOrganization","TestOrganization",1.4,"TestDescription","dat$SYSTEM_NAME"
42,"Indian Creek Pass","TestOrganization","TestOrganization",1.4,"TestDescription","dat$SYSTEM_NAME"
43,"Indian To Bird Bike","TestOrganization","TestOrganization",1.4,"TestDescription","dat$SYSTEM_NAME"
44,"Lake Spur HV","TestOrganization","TestOrganization",1.4,"TestDescription","dat$SYSTEM_NAME"
45,"Little Loop","TestOrganization","TestOrganization",1.4,"TestDescription","dat$SYSTEM_NAME"
46,"Little Omalley","TestOrganization","TestOrganization",1.4,"TestDescription","dat$SYSTEM_NAME"
47,"Long Lake","TestOrganization","TestOrganization",1.4,"TestDescription","dat$SYSTEM_NAME"
48,"Lost Cabin Valley","TestOrganization","TestOrganization",1.4,"TestDescription","dat$SYSTEM_NAME"
49,"McHugh Lake","TestOrganization","TestOrganization",1.4,"TestDescription","dat$SYSTEM_NAME"
50,"Meadow Creek","TestOrganization","TestOrganization",1.4,"TestDescription","dat$SYSTEM_NAME"
51,"Middle Fork Loop","TestOrganization","TestOrganization",1.4,"TestDescription","dat$SYSTEM_NAME"
52,"Mile High Ridge","TestOrganization","TestOrganization",1.4,"TestDescription","dat$SYSTEM_NAME"
53,"Mile High Saddle","TestOrganization","TestOrganization",1.4,"TestDescription","dat$SYSTEM_NAME"
54,"Mountain Meadow","TestOrganization","TestOrganization",1.4,"TestDescription","dat$SYSTEM_NAME"
55,"Mt Baldy","TestOrganization","TestOrganization",1.4,"TestDescription","dat$SYSTEM_NAME"
56,"Mt Eklutna","TestOrganization","TestOrganization",1.4,"TestDescription","dat$SYSTEM_NAME"
57,"Muktuk Marstib Memorial","TestOrganization","TestOrganization",1.4,"TestDescription","dat$SYSTEM_NAME"
58,"Near Point","TestOrganization","TestOrganization",1.4,"TestDescription","dat$SYSTEM_NAME"
59,"North Fork","TestOrganization","TestOrganization",1.4,"TestDescription","dat$SYSTEM_NAME"
60,"Panorama View","TestOrganization","TestOrganization",1.4,"TestDescription","dat$SYSTEM_NAME"
61,"Penguin Peak","TestOrganization","TestOrganization",1.4,"TestDescription","dat$SYSTEM_NAME"
62,"Penguin Creek","TestOrganization","TestOrganization",1.4,"TestDescription","dat$SYSTEM_NAME"
63,"Peters Valley","TestOrganization","TestOrganization",1.4,"TestDescription","dat$SYSTEM_NAME"
64,"Picnic Loop","TestOrganization","TestOrganization",1.4,"TestDescription","dat$SYSTEM_NAME"
65,"Powerline","TestOrganization","TestOrganization",1.4,"TestDescription","dat$SYSTEM_NAME"
66,"Powerline Access","TestOrganization","TestOrganization",1.4,"TestDescription","dat$SYSTEM_NAME"
67,"Ptarmigan Valley","TestOrganization","TestOrganization",1.4,"TestDescription","dat$SYSTEM_NAME"
68,"Ptarmigan Pass","TestOrganization","TestOrganization",1.4,"TestDescription","dat$SYSTEM_NAME"
69,"Public Use Cabin","TestOrganization","TestOrganization",1.4,"TestDescription","dat$SYSTEM_NAME"
70,"Rabbit Lake","TestOrganization","TestOrganization",1.4,"TestDescription","dat$SYSTEM_NAME"
71,"Rapids Camp Loop","TestOrganization","TestOrganization",1.4,"TestDescription","dat$SYSTEM_NAME"
72,"Rapids Camp Yurt","TestOrganization","TestOrganization",1.4,"TestDescription","dat$SYSTEM_NAME"
73,"River Loop","TestOrganization","TestOrganization",1.4,"TestDescription","dat$SYSTEM_NAME"
74,"River Loop Yurt","TestOrganization","TestOrganization",1.4,"TestDescription","dat$SYSTEM_NAME"
75,"RL Interp","TestOrganization","TestOrganization",1.4,"TestDescription","dat$SYSTEM_NAME"
76,"RL Interp 2","TestOrganization","TestOrganization",1.4,"TestDescription","dat$SYSTEM_NAME"
77,"RL Interp 3","TestOrganization","TestOrganization",1.4,"TestDescription","dat$SYSTEM_NAME"
78,"Rodak Nature Loop","TestOrganization","TestOrganization",1.4,"TestDescription","dat$SYSTEM_NAME"
79,"Rondevous Peak","TestOrganization","TestOrganization",1.4,"TestDescription","dat$SYSTEM_NAME"
80,"Rondevous Ridge","TestOrganization","TestOrganization",1.4,"TestDescription","dat$SYSTEM_NAME"
81,"Ship Lake Pass","TestOrganization","TestOrganization",1.4,"TestDescription","dat$SYSTEM_NAME"
82,"Silver Fern","TestOrganization","TestOrganization",1.4,"TestDescription","dat$SYSTEM_NAME"
83,"Snowmobile Entrance","TestOrganization","TestOrganization",1.4,"TestDescription","dat$SYSTEM_NAME"
84,"Snowmobile Exit","TestOrganization","TestOrganization",1.4,"TestDescription","dat$SYSTEM_NAME"
85,"South Fork ER","TestOrganization","TestOrganization",1.4,"TestDescription","dat$SYSTEM_NAME"
86,"South Fork Rim","TestOrganization","TestOrganization",1.4,"TestDescription","dat$SYSTEM_NAME"
87,"Spencer","TestOrganization","TestOrganization",1.4,"TestDescription","dat$SYSTEM_NAME"
88,"Spencer Loop","TestOrganization","TestOrganization",1.4,"TestDescription","dat$SYSTEM_NAME"
89,"Spur 1","TestOrganization","TestOrganization",1.4,"TestDescription","dat$SYSTEM_NAME"
90,"Spur 2","TestOrganization","TestOrganization",1.4,"TestDescription","dat$SYSTEM_NAME"
91,"Thunderbird Falls","TestOrganization","TestOrganization",1.4,"TestDescription","dat$SYSTEM_NAME"
92,"Track 3","TestOrganization","TestOrganization",1.4,"TestDescription","dat$SYSTEM_NAME"
93,"Track 7","TestOrganization","TestOrganization",1.4,"TestDescription","dat$SYSTEM_NAME"
94,"Turnagain Arm","TestOrganization","TestOrganization",1.4,"TestDescription","dat$SYSTEM_NAME"
95,"Turnagain Arm Interpretive","TestOrganization","TestOrganization",1.4,"TestDescription","dat$SYSTEM_NAME"
96,"Twin Peaks","TestOrganization","TestOrganization",1.4,"TestDescription","dat$SYSTEM_NAME"
97,"White Spruce","TestOrganization","TestOrganization",1.4,"TestDescription","dat$SYSTEM_NAME"
98,"Williwaw Lakes","TestOrganization","TestOrganization",1.4,"TestDescription","dat$SYSTEM_NAME"
99,"Wolverine Peak","TestOrganization","TestOrganization",1.4,"TestDescription","dat$SYSTEM_NAME"
100,"Wolverine Bowl","TestOrganization","TestOrganization",1.4,"TestDescription","dat$SYSTEM_NAME"
101,"Wolverine Bowl Loop","TestOrganization","TestOrganization",1.4,"TestDescription","dat$SYSTEM_NAME"
102,"Yurt Classrom","TestOrganization","TestOrganization",1.4,"TestDescription","dat$SYSTEM_NAME"
103,"Chester Creek Trail","TestOrganization","TestOrganization",1.4,"TestDescription","dat$SYSTEM_NAME"
104,"Out H To Cutoff","TestOrganization","TestOrganization",1.4,"TestDescription","dat$SYSTEM_NAME"
105,"In Cutoff To H","TestOrganization","TestOrganization",1.4,"TestDescription","dat$SYSTEM_NAME"
106,"Inbound","TestOrganization","TestOrganization",1.4,"TestDescription","dat$SYSTEM_NAME"
107,"Outbound","TestOrganization","TestOrganization",1.4,"TestDescription","dat$SYSTEM_NAME"
108,"2.5 Km","TestOrganization","TestOrganization",1.4,"TestDescription","dat$SYSTEM_NAME"
109,"Go Again","TestOrganization","TestOrganization",1.4,"TestDescription","dat$SYSTEM_NAME"
110,"Mirror Lake Park","TestOrganization","TestOrganization",1.4,"TestDescription","dat$SYSTEM_NAME"
111,"N Connect","TestOrganization","TestOrganization",1.4,"TestDescription","dat$SYSTEM_NAME"
112,"School Track","TestOrganization","TestOrganization",1.4,"TestDescription","dat$SYSTEM_NAME"
113,"S Connect","TestOrganization","TestOrganization",1.4,"TestDescription","dat$SYSTEM_NAME"
114,"Mize Loop","TestOrganization","TestOrganization",1.4,"TestDescription","dat$SYSTEM_NAME"
115,"Chalet Loop","TestOrganization","TestOrganization",1.4,"TestDescription","dat$SYSTEM_NAME"
116,"Sullivan Nature Trail","TestOrganization","TestOrganization",1.4,"TestDescription","dat$SYSTEM_NAME"
117,"Tikishla Park Trail","TestOrganization","TestOrganization",1.4,"TestDescription","dat$SYSTEM_NAME"
118,"Bridge Loop","TestOrganization","TestOrganization",1.4,"TestDescription","dat$SYSTEM_NAME"
119,"Christy Loop","TestOrganization","TestOrganization",1.4,"TestDescription","dat$SYSTEM_NAME"
120,"Tour Of Anchorage","TestOrganization","TestOrganization",1.4,"TestDescription","dat$SYSTEM_NAME"
121,"Campbell Creek Trail","TestOrganization","TestOrganization",1.4,"TestDescription","dat$SYSTEM_NAME"
122,"HILL","TestOrganization","TestOrganization",1.4,"TestDescription","dat$SYSTEM_NAME"
123,"Coyote Trail","TestOrganization","TestOrganization",1.4,"TestDescription","dat$SYSTEM_NAME"
124,"Tank Trail","TestOrganization","TestOrganization",1.4,"TestDescription","dat$SYSTEM_NAME"
125,"Centennial","TestOrganization","TestOrganization",1.4,"TestDescription","dat$SYSTEM_NAME"
126,"Ship Creek","TestOrganization","TestOrganization",1.4,"TestDescription","dat$SYSTEM_NAME"
127,"UAA Ski","TestOrganization","TestOrganization",1.4,"TestDescription","dat$SYSTEM_NAME"
128,"Coastal Trail","TestOrganization","TestOrganization",1.4,"TestDescription","dat$SYSTEM_NAME"
129,"Bartlett","TestOrganization","TestOrganization",1.4,"TestDescription","dat$SYSTEM_NAME"
130,"Inner Loop Trail","TestOrganization","TestOrganization",1.4,"TestDescription","dat$SYSTEM_NAME"
131,"14 Mile Loop","TestOrganization","TestOrganization",1.4,"TestDescription","dat$SYSTEM_NAME"
132,"Homecoming/poleline","TestOrganization","TestOrganization",1.4,"TestDescription","dat$SYSTEM_NAME"
133,"Rondy Cut Off Trail","TestOrganization","TestOrganization",1.4,"TestDescription","dat$SYSTEM_NAME"
134,"Abbott Loop Trail","TestOrganization","TestOrganization",1.4,"TestDescription","dat$SYSTEM_NAME"
135,"Ice Box","TestOrganization","TestOrganization",1.4,"TestDescription","dat$SYSTEM_NAME"
136,"Corral Loop","TestOrganization","TestOrganization",1.4,"TestDescription","dat$SYSTEM_NAME"
137,"Russian Jack Spur","TestOrganization","TestOrganization",1.4,"TestDescription","dat$SYSTEM_NAME"
138,"Hornet's Nest","TestOrganization","TestOrganization",1.4,"TestDescription","dat$SYSTEM_NAME"
139,"Janice's Jive","TestOrganization","TestOrganization",1.4,"TestDescription","dat$SYSTEM_NAME"
140,"Baxter Bog","TestOrganization","TestOrganization",1.4,"TestDescription","dat$SYSTEM_NAME"
141,"Glenn Hwy Trail","TestOrganization","TestOrganization",1.4,"TestDescription","dat$SYSTEM_NAME"
142,"The Hive","TestOrganization","TestOrganization",1.4,"TestDescription","dat$SYSTEM_NAME"
143,"Junkyard","TestOrganization","TestOrganization",1.4,"TestDescription","dat$SYSTEM_NAME"
144,"Outgoing Trail","TestOrganization","TestOrganization",1.4,"TestDescription","dat$SYSTEM_NAME"
145,"Queen Bee Loop","TestOrganization","TestOrganization",1.4,"TestDescription","dat$SYSTEM_NAME"
146,"Upper Gasline Trail","TestOrganization","TestOrganization",1.4,"TestDescription","dat$SYSTEM_NAME"
147,"Beaver Dam Trail","TestOrganization","TestOrganization",1.4,"TestDescription","dat$SYSTEM_NAME"
148,"Arlene's Way","TestOrganization","TestOrganization",1.4,"TestDescription","dat$SYSTEM_NAME"
149,"Viewpoint Trail","TestOrganization","TestOrganization",1.4,"TestDescription","dat$SYSTEM_NAME"
150,"Lake Loop","TestOrganization","TestOrganization",1.4,"TestDescription","dat$SYSTEM_NAME"
151,"Wonder Park Sch. Trail","TestOrganization","TestOrganization",1.4,"TestDescription","dat$SYSTEM_NAME"
152,"Yellow Jacket","TestOrganization","TestOrganization",1.4,"TestDescription","dat$SYSTEM_NAME"
153,"Shield's Trail","TestOrganization","TestOrganization",1.4,"TestDescription","dat$SYSTEM_NAME"
154,"Old Rondy Trail","TestOrganization","TestOrganization",1.4,"TestDescription","dat$SYSTEM_NAME"
155,"Goose Lake Trail","TestOrganization","TestOrganization",1.4,"TestDescription","dat$SYSTEM_NAME"
156,"Dimond (South Side)","TestOrganization","TestOrganization",1.4,"TestDescription","dat$SYSTEM_NAME"
157,"Rover's Run Trail","TestOrganization","TestOrganization",1.4,"TestDescription","dat$SYSTEM_NAME"
158,"Eight Mile Trail","TestOrganization","TestOrganization",1.4,"TestDescription","dat$SYSTEM_NAME"
159,"2.5 Km Loop","TestOrganization","TestOrganization",1.4,"TestDescription","dat$SYSTEM_NAME"
160,"Abbott Trail","TestOrganization","TestOrganization",1.4,"TestDescription","dat$SYSTEM_NAME"
161,"Nordic Trail","TestOrganization","TestOrganization",1.4,"TestDescription","dat$SYSTEM_NAME"
162,"Appendix","TestOrganization","TestOrganization",1.4,"TestDescription","dat$SYSTEM_NAME"
163,"Moose Meadow Trail","TestOrganization","TestOrganization",1.4,"TestDescription","dat$SYSTEM_NAME"
164,"Alyeska Highway Trail","TestOrganization","TestOrganization",1.4,"TestDescription","dat$SYSTEM_NAME"
165,"Moose Ridge Loop","TestOrganization","TestOrganization",1.4,"TestDescription","dat$SYSTEM_NAME"
166,"2.1 Km Loop","TestOrganization","TestOrganization",1.4,"TestDescription","dat$SYSTEM_NAME"
167,"4.5km Loop","TestOrganization","TestOrganization",1.4,"TestDescription","dat$SYSTEM_NAME"
168,"Old Three Mile Trail","TestOrganization","TestOrganization",1.4,"TestDescription","dat$SYSTEM_NAME"
169,"Whaley Sch. Trail","TestOrganization","TestOrganization",1.4,"TestDescription","dat$SYSTEM_NAME"
170,"Homestead Trail","TestOrganization","TestOrganization",1.4,"TestDescription","dat$SYSTEM_NAME"
171,"Four Corners Connector Loop","TestOrganization","TestOrganization",1.4,"TestDescription","dat$SYSTEM_NAME"
172,"Big Dipper","TestOrganization","TestOrganization",1.4,"TestDescription","dat$SYSTEM_NAME"
173,"Mahaffey/APU","TestOrganization","TestOrganization",1.4,"TestDescription","dat$SYSTEM_NAME"
174,"North Coastal Trail","TestOrganization","TestOrganization",1.4,"TestDescription","dat$SYSTEM_NAME"
175,"Dimond (North Side)","TestOrganization","TestOrganization",1.4,"TestDescription","dat$SYSTEM_NAME"
176,"Raspberry Parking Lot Connector","TestOrganization","TestOrganization",1.4,"TestDescription","dat$SYSTEM_NAME"
177,"Alyeska Basin Subdivision Trails","TestOrganization","TestOrganization",1.4,"TestDescription","dat$SYSTEM_NAME"
178,"The Burn Lighted Loop","TestOrganization","TestOrganization",1.4,"TestDescription","dat$SYSTEM_NAME"
179,"Tiny Creek Trails","TestOrganization","TestOrganization",1.4,"TestDescription","dat$SYSTEM_NAME"
180,"Jodhpur Loop","TestOrganization","TestOrganization",1.4,"TestDescription","dat$SYSTEM_NAME"
181,"Margauxs Loop","TestOrganization","TestOrganization",1.4,"TestDescription","dat$SYSTEM_NAME"
182,"Glacier Creek/iditarod Trail System","TestOrganization","TestOrganization",1.4,"TestDescription","dat$SYSTEM_NAME"
183,"Moose Ridge Trail","TestOrganization","TestOrganization",1.4,"TestDescription","dat$SYSTEM_NAME"
184,"Picket Spur Trail","TestOrganization","TestOrganization",1.4,"TestDescription","dat$SYSTEM_NAME"
185,"Unnnamed","TestOrganization","TestOrganization",1.4,"TestDescription","dat$SYSTEM_NAME"
186,"Preliminary Iditarod Realignment (2002)","TestOrganization","TestOrganization",1.4,"TestDescription","dat$SYSTEM_NAME"
187,"Alex Sisson Loop","TestOrganization","TestOrganization",1.4,"TestDescription","dat$SYSTEM_NAME"
188,"Upper Moen","TestOrganization","TestOrganization",1.4,"TestDescription","dat$SYSTEM_NAME"
189,"Little Rc Gully Route","TestOrganization","TestOrganization",1.4,"TestDescription","dat$SYSTEM_NAME"
190,"W Face Baldy","TestOrganization","TestOrganization",1.4,"TestDescription","dat$SYSTEM_NAME"
191,"North Gasline/powerline Trail","TestOrganization","TestOrganization",1.4,"TestDescription","dat$SYSTEM_NAME"
192,"Biathalon Loop","TestOrganization","TestOrganization",1.4,"TestDescription","dat$SYSTEM_NAME"
193,"Lekisch Dark Alley","TestOrganization","TestOrganization",1.4,"TestDescription","dat$SYSTEM_NAME"
194,"Lekisch Loop","TestOrganization","TestOrganization",1.4,"TestDescription","dat$SYSTEM_NAME"
195,"Andrew Lekisch Trail","TestOrganization","TestOrganization",1.4,"TestDescription","dat$SYSTEM_NAME"
196,"Main","TestOrganization","TestOrganization",1.4,"TestDescription","dat$SYSTEM_NAME"
197,"Peanut Farm","TestOrganization","TestOrganization",1.4,"TestDescription","dat$SYSTEM_NAME"
198,"4.5km Loop Trail","TestOrganization","TestOrganization",1.4,"TestDescription","dat$SYSTEM_NAME"
199,"Sisson Loop","TestOrganization","TestOrganization",1.4,"TestDescription","dat$SYSTEM_NAME"
200,"Maximilian","TestOrganization","TestOrganization",1.4,"TestDescription","dat$SYSTEM_NAME"
201,"The Football","TestOrganization","TestOrganization",1.4,"TestDescription","dat$SYSTEM_NAME"
202,"Airstrip Loop","TestOrganization","TestOrganization",1.4,"TestDescription","dat$SYSTEM_NAME"
203,"Ballfield","TestOrganization","TestOrganization",1.4,"TestDescription","dat$SYSTEM_NAME"
204,"Glen Alps/ Middle Fork","TestOrganization","TestOrganization",1.4,"TestDescription","dat$SYSTEM_NAME"
205,"Flattop","TestOrganization","TestOrganization",1.4,"TestDescription","dat$SYSTEM_NAME"
206,"Payne Path","TestOrganization","TestOrganization",1.4,"TestDescription","dat$SYSTEM_NAME"
207,"Junkyard Hill","TestOrganization","TestOrganization",1.4,"TestDescription","dat$SYSTEM_NAME"
208,"Besh Lighted Loop","TestOrganization","TestOrganization",1.4,"TestDescription","dat$SYSTEM_NAME"
209,"Beaver Pond Trail","TestOrganization","TestOrganization",1.4,"TestDescription","dat$SYSTEM_NAME"
210,"Virgin Creek Trail System","TestOrganization","TestOrganization",1.4,"TestDescription","dat$SYSTEM_NAME"
211,"Gasline Trail","TestOrganization","TestOrganization",1.4,"TestDescription","dat$SYSTEM_NAME"
212,"Richter Loop","TestOrganization","TestOrganization",1.4,"TestDescription","dat$SYSTEM_NAME"
213,"BLM Ridge","TestOrganization","TestOrganization",1.4,"TestDescription","dat$SYSTEM_NAME"
214,"Woodway Loop Trail","TestOrganization","TestOrganization",1.4,"TestDescription","dat$SYSTEM_NAME"
215,"Off Leash Trail","TestOrganization","TestOrganization",1.4,"TestDescription","dat$SYSTEM_NAME"
216,"Roller Coaster","TestOrganization","TestOrganization",1.4,"TestDescription","dat$SYSTEM_NAME"
217,"Grass Trail","TestOrganization","TestOrganization",1.4,"TestDescription","dat$SYSTEM_NAME"
218,"Six Mile Trail","TestOrganization","TestOrganization",1.4,"TestDescription","dat$SYSTEM_NAME"
219,"Inner Lake Loop","TestOrganization","TestOrganization",1.4,"TestDescription","dat$SYSTEM_NAME"
220,"Dark Alley","TestOrganization","TestOrganization",1.4,"TestDescription","dat$SYSTEM_NAME"
221,"Horseshoe Loop","TestOrganization","TestOrganization",1.4,"TestDescription","dat$SYSTEM_NAME"
222,"Hillside Loop","TestOrganization","TestOrganization",1.4,"TestDescription","dat$SYSTEM_NAME"
223,"Randys Loop","TestOrganization","TestOrganization",1.4,"TestDescription","dat$SYSTEM_NAME"
224,"Elevator","TestOrganization","TestOrganization",1.4,"TestDescription","dat$SYSTEM_NAME"
225,"Southside Switchback","TestOrganization","TestOrganization",1.4,"TestDescription","dat$SYSTEM_NAME"
226,"West Face","TestOrganization","TestOrganization",1.4,"TestDescription","dat$SYSTEM_NAME"
227,"Airstrip Trail","TestOrganization","TestOrganization",1.4,"TestDescription","dat$SYSTEM_NAME"
228,"Johnson Trail","TestOrganization","TestOrganization",1.4,"TestDescription","dat$SYSTEM_NAME"
229,"RC Meadow 3","TestOrganization","TestOrganization",1.4,"TestDescription","dat$SYSTEM_NAME"
230,"RC Meadow 4","TestOrganization","TestOrganization",1.4,"TestDescription","dat$SYSTEM_NAME"
231,"North Gasline Trail","TestOrganization","TestOrganization",1.4,"TestDescription","dat$SYSTEM_NAME"
232,"Mizes Folly","TestOrganization","TestOrganization",1.4,"TestDescription","dat$SYSTEM_NAME"
233,"Bog Trail","TestOrganization","TestOrganization",1.4,"TestDescription","dat$SYSTEM_NAME"
234,"Dome Trail","TestOrganization","TestOrganization",1.4,"TestDescription","dat$SYSTEM_NAME"
235,"Ann's Alley","TestOrganization","TestOrganization",1.4,"TestDescription","dat$SYSTEM_NAME"
236,"Short Cut","TestOrganization","TestOrganization",1.4,"TestDescription","dat$SYSTEM_NAME"
237,"Junior Nordic Loop","TestOrganization","TestOrganization",1.4,"TestDescription","dat$SYSTEM_NAME"
238,"Elliots Climb","TestOrganization","TestOrganization",1.4,"TestDescription","dat$SYSTEM_NAME"
239,"Moose Track Trail","TestOrganization","TestOrganization",1.4,"TestDescription","dat$SYSTEM_NAME"
240,"So Baldy Traverse","TestOrganization","TestOrganization",1.4,"TestDescription","dat$SYSTEM_NAME"
241,"Multi-use To Bivouc","TestOrganization","TestOrganization",1.4,"TestDescription","dat$SYSTEM_NAME"
242,"Lakeside Loop","TestOrganization","TestOrganization",1.4,"TestDescription","dat$SYSTEM_NAME"
243,"Spruce Loop","TestOrganization","TestOrganization",1.4,"TestDescription","dat$SYSTEM_NAME"
244,"S Turns","TestOrganization","TestOrganization",1.4,"TestDescription","dat$SYSTEM_NAME"
245,"Old 3.9","TestOrganization","TestOrganization",1.4,"TestDescription","dat$SYSTEM_NAME"
246,"Compression","TestOrganization","TestOrganization",1.4,"TestDescription","dat$SYSTEM_NAME"
247,"Old Six","TestOrganization","TestOrganization",1.4,"TestDescription","dat$SYSTEM_NAME"
248,"Glenn Hwy. Trail","TestOrganization","TestOrganization",1.4,"TestDescription","dat$SYSTEM_NAME"
249,"Spencer Short Cut","TestOrganization","TestOrganization",1.4,"TestDescription","dat$SYSTEM_NAME"
250,"Gasline To Rabbit Cr Rd","TestOrganization","TestOrganization",1.4,"TestDescription","dat$SYSTEM_NAME"
251,"Southpark Lp","TestOrganization","TestOrganization",1.4,"TestDescription","dat$SYSTEM_NAME"
252,"Little Rabbit Creek","TestOrganization","TestOrganization",1.4,"TestDescription","dat$SYSTEM_NAME"
253,"Terrace Wood Connection","TestOrganization","TestOrganization",1.4,"TestDescription","dat$SYSTEM_NAME"
254,"Cobblestone Hill Rd","TestOrganization","TestOrganization",1.4,"TestDescription","dat$SYSTEM_NAME"
255,"View Rock Trail","TestOrganization","TestOrganization",1.4,"TestDescription","dat$SYSTEM_NAME"
256,"After Dinner Tr","TestOrganization","TestOrganization",1.4,"TestDescription","dat$SYSTEM_NAME"
257,"Snow Bear Path","TestOrganization","TestOrganization",1.4,"TestDescription","dat$SYSTEM_NAME"
258,"E 172nd Trail","TestOrganization","TestOrganization",1.4,"TestDescription","dat$SYSTEM_NAME"
259,"X Hmstd Rd","TestOrganization","TestOrganization",1.4,"TestDescription","dat$SYSTEM_NAME"
260,"Margeurite Hills","TestOrganization","TestOrganization",1.4,"TestDescription","dat$SYSTEM_NAME"
261,"RC Meadow 5","TestOrganization","TestOrganization",1.4,"TestDescription","dat$SYSTEM_NAME"
262,"Southwest","TestOrganization","TestOrganization",1.4,"TestDescription","dat$SYSTEM_NAME"
263,"along lake to south","TestOrganization","TestOrganization",1.4,"TestDescription","dat$SYSTEM_NAME"
264,"Lower Moen Hmstd","TestOrganization","TestOrganization",1.4,"TestDescription","dat$SYSTEM_NAME"
265,"Old Hwy Trail","TestOrganization","TestOrganization",1.4,"TestDescription","dat$SYSTEM_NAME"
266,"East Rib To Mchugh Cr","TestOrganization","TestOrganization",1.4,"TestDescription","dat$SYSTEM_NAME"
267,"Potter Interp. Trail","TestOrganization","TestOrganization",1.4,"TestDescription","dat$SYSTEM_NAME"
268,"So Potter Ridge","TestOrganization","TestOrganization",1.4,"TestDescription","dat$SYSTEM_NAME"
269,"Potter Mchugh Ridge","TestOrganization","TestOrganization",1.4,"TestDescription","dat$SYSTEM_NAME"
270,"Powerline/near Point","TestOrganization","TestOrganization",1.4,"TestDescription","dat$SYSTEM_NAME"
271,"Powerline/gasline","TestOrganization","TestOrganization",1.4,"TestDescription","dat$SYSTEM_NAME"
272,"Alder Trail","TestOrganization","TestOrganization",1.4,"TestDescription","dat$SYSTEM_NAME"
273,"Cuddy Family Midtown Park Loop","TestOrganization","TestOrganization",1.4,"TestDescription","dat$SYSTEM_NAME"
274,"Winner Creek Trail","TestOrganization","TestOrganization",1.4,"TestDescription","dat$SYSTEM_NAME"
275,"California Creek Trail","TestOrganization","TestOrganization",1.4,"TestDescription","dat$SYSTEM_NAME"
276,"Athabascan Physics Trail","TestOrganization","TestOrganization",1.4,"TestDescription","dat$SYSTEM_NAME"
277,"Iditarod Trail","TestOrganization","TestOrganization",1.4,"TestDescription","dat$SYSTEM_NAME"
278,"Mud Bog Trail","TestOrganization","TestOrganization",1.4,"TestDescription","dat$SYSTEM_NAME"
279,"Connect","TestOrganization","TestOrganization",1.4,"TestDescription","dat$SYSTEM_NAME"
280,"Sec 36 Hmstd Rd","TestOrganization","TestOrganization",1.4,"TestDescription","dat$SYSTEM_NAME"
281,"School","TestOrganization","TestOrganization",1.4,"TestDescription","dat$SYSTEM_NAME"
282,"Glenalps View Loop","TestOrganization","TestOrganization",1.4,"TestDescription","dat$SYSTEM_NAME"
283,"Soccer Field","TestOrganization","TestOrganization",1.4,"TestDescription","dat$SYSTEM_NAME"
284,"Hill Topper Loop","TestOrganization","TestOrganization",1.4,"TestDescription","dat$SYSTEM_NAME"
285,"To Lake","TestOrganization","TestOrganization",1.4,"TestDescription","dat$SYSTEM_NAME"
286,"Minnesota Moose Loop","TestOrganization","TestOrganization",1.4,"TestDescription","dat$SYSTEM_NAME"
287,"Hand Tram Trail","TestOrganization","TestOrganization",1.4,"TestDescription","dat$SYSTEM_NAME"
288,"Prospect/middle Fork","TestOrganization","TestOrganization",1.4,"TestDescription","dat$SYSTEM_NAME"
289,"Middle Fork","TestOrganization","TestOrganization",1.4,"TestDescription","dat$SYSTEM_NAME"
290,"Upper Huffman Access","TestOrganization","TestOrganization",1.4,"TestDescription","dat$SYSTEM_NAME"
291,"Glen Alps To Powerline A","TestOrganization","TestOrganization",1.4,"TestDescription","dat$SYSTEM_NAME"
292,"Glenalps To Powerline B","TestOrganization","TestOrganization",1.4,"TestDescription","dat$SYSTEM_NAME"
293,"Flattop Option","TestOrganization","TestOrganization",1.4,"TestDescription","dat$SYSTEM_NAME"
294,"Rabbit Creek Greenbelt","TestOrganization","TestOrganization",1.4,"TestDescription","dat$SYSTEM_NAME"
295,"Cannonrd","TestOrganization","TestOrganization",1.4,"TestDescription","dat$SYSTEM_NAME"
296,"RC Spur","TestOrganization","TestOrganization",1.4,"TestDescription","dat$SYSTEM_NAME"
297,"RC Meadow 2","TestOrganization","TestOrganization",1.4,"TestDescription","dat$SYSTEM_NAME"
298,"Prator Spur","TestOrganization","TestOrganization",1.4,"TestDescription","dat$SYSTEM_NAME"
299,"East Boundary Trail","TestOrganization","TestOrganization",1.4,"TestDescription","dat$SYSTEM_NAME"
300,"N. Picket Trail","TestOrganization","TestOrganization",1.4,"TestDescription","dat$SYSTEM_NAME"
301,"RC Meadow 1","TestOrganization","TestOrganization",1.4,"TestDescription","dat$SYSTEM_NAME"
302,"Real Ridge","TestOrganization","TestOrganization",1.4,"TestDescription","dat$SYSTEM_NAME"
303,"Ridge Loop","TestOrganization","TestOrganization",1.4,"TestDescription","dat$SYSTEM_NAME"
304,"Ship Creek Trail","TestOrganization","TestOrganization",1.4,"TestDescription","dat$SYSTEM_NAME"
305,"Moose Hill","TestOrganization","TestOrganization",1.4,"TestDescription","dat$SYSTEM_NAME"
306,"7.5 Km","TestOrganization","TestOrganization",1.4,"TestDescription","dat$SYSTEM_NAME"
307,"Mama's Loop","TestOrganization","TestOrganization",1.4,"TestDescription","dat$SYSTEM_NAME"
308,"Hill Loop","TestOrganization","TestOrganization",1.4,"TestDescription","dat$SYSTEM_NAME"
309,"SLEDING HILL","TestOrganization","TestOrganization",1.4,"TestDescription","dat$SYSTEM_NAME"
310,"to main","TestOrganization","TestOrganization",1.4,"TestDescription","dat$SYSTEM_NAME"
311,"Along Lake","TestOrganization","TestOrganization",1.4,"TestDescription","dat$SYSTEM_NAME"
312,"Loop","TestOrganization","TestOrganization",1.4,"TestDescription","dat$SYSTEM_NAME"
313,"Mchugh","TestOrganization","TestOrganization",1.4,"TestDescription","dat$SYSTEM_NAME"
314,"Heights Hill Trail","TestOrganization","TestOrganization",1.4,"TestDescription","dat$SYSTEM_NAME"
315,"Open Bog Trail","TestOrganization","TestOrganization",1.4,"TestDescription","dat$SYSTEM_NAME"
316,"In Far To Cutoff","TestOrganization","TestOrganization",1.4,"TestDescription","dat$SYSTEM_NAME"
317,"Existing Ridge Trail","TestOrganization","TestOrganization",1.4,"TestDescription","dat$SYSTEM_NAME"
318,"U-turn Cut Thru","TestOrganization","TestOrganization",1.4,"TestDescription","dat$SYSTEM_NAME"
319,"Bottom Cut Thru","TestOrganization","TestOrganization",1.4,"TestDescription","dat$SYSTEM_NAME"
320,"Out Cut To Far H","TestOrganization","TestOrganization",1.4,"TestDescription","dat$SYSTEM_NAME"
321,"ER Parks & Rec/HLB Trail","TestOrganization","TestOrganization",1.4,"TestDescription","dat$SYSTEM_NAME"
322,"North Pasture","TestOrganization","TestOrganization",1.4,"TestDescription","dat$SYSTEM_NAME"
323,"10 Ridgetop","TestOrganization","TestOrganization",1.4,"TestDescription","dat$SYSTEM_NAME"
324,"Logjam Trail","TestOrganization","TestOrganization",1.4,"TestDescription","dat$SYSTEM_NAME"
325,"Black Bear Trail","TestOrganization","TestOrganization",1.4,"TestDescription","dat$SYSTEM_NAME"
326,"Gladys Wood Trail","TestOrganization","TestOrganization",1.4,"TestDescription","dat$SYSTEM_NAME"
327,"Run Rover Run","TestOrganization","TestOrganization",1.4,"TestDescription","dat$SYSTEM_NAME"
328,"Tashas Turn (connector)","TestOrganization","TestOrganization",1.4,"TestDescription","dat$SYSTEM_NAME"
329,"Eagle River High School Trail","TestOrganization","TestOrganization",1.4,"TestDescription","dat$SYSTEM_NAME"
330,"Mental Health Trust Loop Trail","TestOrganization","TestOrganization",1.4,"TestDescription","dat$SYSTEM_NAME"
331,"Muldoon Swamp","TestOrganization","TestOrganization",1.4,"TestDescription","dat$SYSTEM_NAME"
332,"Wagon Trail","TestOrganization","TestOrganization",1.4,"TestDescription","dat$SYSTEM_NAME"
333,"E 142nd Trail","TestOrganization","TestOrganization",1.4,"TestDescription","dat$SYSTEM_NAME"
334,"Belarde","TestOrganization","TestOrganization",1.4,"TestDescription","dat$SYSTEM_NAME"
335,"Johnson Trail Spur","TestOrganization","TestOrganization",1.4,"TestDescription","dat$SYSTEM_NAME"
336,"Old Mchugh Creek Trail","TestOrganization","TestOrganization",1.4,"TestDescription","dat$SYSTEM_NAME"
337,"Culvert Trail","TestOrganization","TestOrganization",1.4,"TestDescription","dat$SYSTEM_NAME"
338,"Ski Trail","TestOrganization","TestOrganization",1.4,"TestDescription","dat$SYSTEM_NAME"
339,"Old 6.9 Loop (icebox/mizes Folly)","TestOrganization","TestOrganization",1.4,"TestDescription","dat$SYSTEM_NAME"
340,"The Wall","TestOrganization","TestOrganization",1.4,"TestDescription","dat$SYSTEM_NAME"
341,"Executioner","TestOrganization","TestOrganization",1.4,"TestDescription","dat$SYSTEM_NAME"
342,"Coach's Cutoff","TestOrganization","TestOrganization",1.4,"TestDescription","dat$SYSTEM_NAME"
343,"Spur Oscar Anderson","TestOrganization","TestOrganization",1.4,"TestDescription","dat$SYSTEM_NAME"
344,"AWWU Trail","TestOrganization","TestOrganization",1.4,"TestDescription","dat$SYSTEM_NAME"
345,"Tower Power","TestOrganization","TestOrganization",1.4,"TestDescription","dat$SYSTEM_NAME"
346,"Kitchen Sink","TestOrganization","TestOrganization",1.4,"TestDescription","dat$SYSTEM_NAME"
347,"Sand Box","TestOrganization","TestOrganization",1.4,"TestDescription","dat$SYSTEM_NAME"
348,"C$ Express","TestOrganization","TestOrganization",1.4,"TestDescription","dat$SYSTEM_NAME"
349,"Lee's Train","TestOrganization","TestOrganization",1.4,"TestDescription","dat$SYSTEM_NAME"
350,"Good Greeff","TestOrganization","TestOrganization",1.4,"TestDescription","dat$SYSTEM_NAME"
351,"QFB","TestOrganization","TestOrganization",1.4,"TestDescription","dat$SYSTEM_NAME"
352,"Mighty Bike","TestOrganization","TestOrganization",1.4,"TestDescription","dat$SYSTEM_NAME"
353,"Bolling Alley","TestOrganization","TestOrganization",1.4,"TestDescription","dat$SYSTEM_NAME"
354,"Toilet Bowl","TestOrganization","TestOrganization",1.4,"TestDescription","dat$SYSTEM_NAME"
355,"Chulitna Bluff","TestOrganization","TestOrganization",1.4,"TestDescription","dat$SYSTEM_NAME"
356,"Crooked Lake","TestOrganization","TestOrganization",1.4,"TestDescription","dat$SYSTEM_NAME"
357,"Plumley-Maud","TestOrganization","TestOrganization",1.4,"TestDescription","dat$SYSTEM_NAME"
358,"Pioneer Ridge/Austin Helmer","TestOrganization","TestOrganization",1.4,"TestDescription","dat$SYSTEM_NAME"
359,"Lazy Mountain","TestOrganization","TestOrganization",1.4,"TestDescription","dat$SYSTEM_NAME"
360,"Morgan Horse","TestOrganization","TestOrganization",1.4,"TestDescription","dat$SYSTEM_NAME"
361,"Sexton","TestOrganization","TestOrganization",1.4,"TestDescription","dat$SYSTEM_NAME"
362,"Envy","TestOrganization","TestOrganization",1.4,"TestDescription","dat$SYSTEM_NAME"
363,"Seventeen Mile Lake","TestOrganization","TestOrganization",1.4,"TestDescription","dat$SYSTEM_NAME"
364,"Baxter Mine","TestOrganization","TestOrganization",1.4,"TestDescription","dat$SYSTEM_NAME"
365,"Wishbone Lake","TestOrganization","TestOrganization",1.4,"TestDescription","dat$SYSTEM_NAME"
366,"Knob Hill","TestOrganization","TestOrganization",1.4,"TestDescription","dat$SYSTEM_NAME"
367,"Eska Creek Falls Multi-Use Trail","TestOrganization","TestOrganization",1.4,"TestDescription","dat$SYSTEM_NAME"
368,"Premier Mine","TestOrganization","TestOrganization",1.4,"TestDescription","dat$SYSTEM_NAME"
369,"Moose Creek Branch RR","TestOrganization","TestOrganization",1.4,"TestDescription","dat$SYSTEM_NAME"
370,"Mint Glacier","TestOrganization","TestOrganization",1.4,"TestDescription","dat$SYSTEM_NAME"
371,"Reed Lakes","TestOrganization","TestOrganization",1.4,"TestDescription","dat$SYSTEM_NAME"
372,"Glacier Creek","TestOrganization","TestOrganization",1.4,"TestDescription","dat$SYSTEM_NAME"
373,"King River","TestOrganization","TestOrganization",1.4,"TestDescription","dat$SYSTEM_NAME"
374,"Chickaloon","TestOrganization","TestOrganization",1.4,"TestDescription","dat$SYSTEM_NAME"
375,"Dan Creek","TestOrganization","TestOrganization",1.4,"TestDescription","dat$SYSTEM_NAME"
376,"Crosswind lake","TestOrganization","TestOrganization",1.4,"TestDescription","dat$SYSTEM_NAME"
377,"Corral Hill","TestOrganization","TestOrganization",1.4,"TestDescription","dat$SYSTEM_NAME"
378,"Archangel","TestOrganization","TestOrganization",1.4,"TestDescription","dat$SYSTEM_NAME"
379,"Upper Willow Creek","TestOrganization","TestOrganization",1.4,"TestDescription","dat$SYSTEM_NAME"
380,"Talkeetna Mail (Herning)","TestOrganization","TestOrganization",1.4,"TestDescription","dat$SYSTEM_NAME"
381,"Canyon Creek","TestOrganization","TestOrganization",1.4,"TestDescription","dat$SYSTEM_NAME"
382,"Woodcutter","TestOrganization","TestOrganization",1.4,"TestDescription","dat$SYSTEM_NAME"
383,"West Gateway","TestOrganization","TestOrganization",1.4,"TestDescription","dat$SYSTEM_NAME"
384,"Mud Lake","TestOrganization","TestOrganization",1.4,"TestDescription","dat$SYSTEM_NAME"
385,"Big Swamp","TestOrganization","TestOrganization",1.4,"TestDescription","dat$SYSTEM_NAME"
386,"Rolly Creek","TestOrganization","TestOrganization",1.4,"TestDescription","dat$SYSTEM_NAME"
387,"Rolly Creek Link","TestOrganization","TestOrganization",1.4,"TestDescription","dat$SYSTEM_NAME"
388,"Talkeetna Lakes Park","TestOrganization","TestOrganization",1.4,"TestDescription","dat$SYSTEM_NAME"
389,"Swan Lake Canoe Route","TestOrganization","TestOrganization",1.4,"TestDescription","dat$SYSTEM_NAME"
390,"Fern Mine","TestOrganization","TestOrganization",1.4,"TestDescription","dat$SYSTEM_NAME"
391,"Matanuska Greenbelt","TestOrganization","TestOrganization",1.4,"TestDescription","dat$SYSTEM_NAME"
392,"Crevasse-Moraine","TestOrganization","TestOrganization",1.4,"TestDescription","dat$SYSTEM_NAME"
393,"Matanuska Peak","TestOrganization","TestOrganization",1.4,"TestDescription","dat$SYSTEM_NAME"
394,"McRoberts Creek","TestOrganization","TestOrganization",1.4,"TestDescription","dat$SYSTEM_NAME"
395,"Carle Wagon","TestOrganization","TestOrganization",1.4,"TestDescription","dat$SYSTEM_NAME"
396,"Government Peak","TestOrganization","TestOrganization",1.4,"TestDescription","dat$SYSTEM_NAME"
397,"GPRA","TestOrganization","TestOrganization",1.4,"TestDescription","dat$SYSTEM_NAME"
