"id","name","steward","source","length","description","part_of"
1,"Abes","TestOrganization","TestOrganization",1.4,"TestDescription","dat$SYSTEM_NAME"
2,"Albert Loop","TestOrganization","TestOrganization",1.4,"TestDescription","dat$SYSTEM_NAME"
3,"Alder","TestOrganization","TestOrganization",1.4,"TestDescription","dat$SYSTEM_NAME"
4,"Alder 2","TestOrganization","TestOrganization",1.4,"TestDescription","dat$SYSTEM_NAME"
5,"Anchorage Overlook","TestOrganization","TestOrganization",1.4,"TestDescription","dat$SYSTEM_NAME"
6,"Ballpark","TestOrganization","TestOrganization",1.4,"TestDescription","dat$SYSTEM_NAME"
7,"Bear Point","TestOrganization","TestOrganization",1.4,"TestDescription","dat$SYSTEM_NAME"
8,"Bird Ridge","TestOrganization","TestOrganization",1.4,"TestDescription","dat$SYSTEM_NAME"
9,"Bird Creek","TestOrganization","TestOrganization",1.4,"TestDescription","dat$SYSTEM_NAME"
10,"Bird Point Interp","TestOrganization","TestOrganization",1.4,"TestDescription","dat$SYSTEM_NAME"
11,"Bird Ridge Interp","TestOrganization","TestOrganization",1.4,"TestDescription","dat$SYSTEM_NAME"
12,"Bird Valley","TestOrganization","TestOrganization",1.4,"TestDescription","dat$SYSTEM_NAME"
13,"Blacktail Ptarmigan Rocks","TestOrganization","TestOrganization",1.4,"TestDescription","dat$SYSTEM_NAME"
14,"Blueberry Hollow","TestOrganization","TestOrganization",1.4,"TestDescription","dat$SYSTEM_NAME"
15,"Blueberry Loop","TestOrganization","TestOrganization",1.4,"TestDescription","dat$SYSTEM_NAME"
16,"Bold Ridge","TestOrganization","TestOrganization",1.4,"TestDescription","dat$SYSTEM_NAME"
17,"Cali Creek","TestOrganization","TestOrganization",1.4,"TestDescription","dat$SYSTEM_NAME"
18,"Connector 1","TestOrganization","TestOrganization",1.4,"TestDescription","dat$SYSTEM_NAME"
19,"Connector 2","TestOrganization","TestOrganization",1.4,"TestDescription","dat$SYSTEM_NAME"
20,"Crow Pass","TestOrganization","TestOrganization",1.4,"TestDescription","dat$SYSTEM_NAME"
21,"Denali View","TestOrganization","TestOrganization",1.4,"TestDescription","dat$SYSTEM_NAME"
22,"Dew Mound","TestOrganization","TestOrganization",1.4,"TestDescription","dat$SYSTEM_NAME"
23,"Eagle River Greenbelt","TestOrganization","TestOrganization",1.4,"TestDescription","dat$SYSTEM_NAME"
24,"Eagle River North Fork Access","TestOrganization","TestOrganization",1.4,"TestDescription","dat$SYSTEM_NAME"
25,"East Fork Eklutha River","TestOrganization","TestOrganization",1.4,"TestDescription","dat$SYSTEM_NAME"
26,"Eklutna Lakeside","TestOrganization","TestOrganization",1.4,"TestDescription","dat$SYSTEM_NAME"
27,"Eklutna ATV Access","TestOrganization","TestOrganization",1.4,"TestDescription","dat$SYSTEM_NAME"
28,"Eklutna Lake Spillway","TestOrganization","TestOrganization",1.4,"TestDescription","dat$SYSTEM_NAME"
29,"Eklutna Spillway","TestOrganization","TestOrganization",1.4,"TestDescription","dat$SYSTEM_NAME"
30,"ER Access1","TestOrganization","TestOrganization",1.4,"TestDescription","dat$SYSTEM_NAME"
31,"ER Access2","TestOrganization","TestOrganization",1.4,"TestDescription","dat$SYSTEM_NAME"
32,"ER Access3","TestOrganization","TestOrganization",1.4,"TestDescription","dat$SYSTEM_NAME"
33,"Falls Creek","TestOrganization","TestOrganization",1.4,"TestDescription","dat$SYSTEM_NAME"
34,"Flattop Peak","TestOrganization","TestOrganization",1.4,"TestDescription","dat$SYSTEM_NAME"
35,"Flattop Peak Alternate","TestOrganization","TestOrganization",1.4,"TestDescription","dat$SYSTEM_NAME"
36,"Four Corners Loop","TestOrganization","TestOrganization",1.4,"TestDescription","dat$SYSTEM_NAME"
37,"Gasline","TestOrganization","TestOrganization",1.4,"TestDescription","dat$SYSTEM_NAME"
38,"Golden Grass","TestOrganization","TestOrganization",1.4,"TestDescription","dat$SYSTEM_NAME"
39,"Grand View","TestOrganization","TestOrganization",1.4,"TestDescription","dat$SYSTEM_NAME"
40,"Hanging Valley","TestOrganization","TestOrganization",1.4,"TestDescription","dat$SYSTEM_NAME"
41,"Hemlock Knob","TestOrganization","TestOrganization",1.4,"TestDescription","dat$SYSTEM_NAME"
42,"Hidden Lake","TestOrganization","TestOrganization",1.4,"TestDescription","dat$SYSTEM_NAME"
43,"Indian Creek Pass","TestOrganization","TestOrganization",1.4,"TestDescription","dat$SYSTEM_NAME"
44,"Indian To Bird Bike","TestOrganization","TestOrganization",1.4,"TestDescription","dat$SYSTEM_NAME"
45,"Lake Spur HV","TestOrganization","TestOrganization",1.4,"TestDescription","dat$SYSTEM_NAME"
46,"Little Loop","TestOrganization","TestOrganization",1.4,"TestDescription","dat$SYSTEM_NAME"
47,"Little Omalley","TestOrganization","TestOrganization",1.4,"TestDescription","dat$SYSTEM_NAME"
48,"Long Lake","TestOrganization","TestOrganization",1.4,"TestDescription","dat$SYSTEM_NAME"
49,"Lost Cabin Valley","TestOrganization","TestOrganization",1.4,"TestDescription","dat$SYSTEM_NAME"
50,"McHugh Lake","TestOrganization","TestOrganization",1.4,"TestDescription","dat$SYSTEM_NAME"
51,"Meadow Creek","TestOrganization","TestOrganization",1.4,"TestDescription","dat$SYSTEM_NAME"
52,"Middle Fork Loop","TestOrganization","TestOrganization",1.4,"TestDescription","dat$SYSTEM_NAME"
53,"Mile High Ridge","TestOrganization","TestOrganization",1.4,"TestDescription","dat$SYSTEM_NAME"
54,"Mile High Saddle","TestOrganization","TestOrganization",1.4,"TestDescription","dat$SYSTEM_NAME"
55,"Mountain Meadow","TestOrganization","TestOrganization",1.4,"TestDescription","dat$SYSTEM_NAME"
56,"Mt Baldy","TestOrganization","TestOrganization",1.4,"TestDescription","dat$SYSTEM_NAME"
57,"Mt Eklutna","TestOrganization","TestOrganization",1.4,"TestDescription","dat$SYSTEM_NAME"
58,"Muktuk Marstib Memorial","TestOrganization","TestOrganization",1.4,"TestDescription","dat$SYSTEM_NAME"
59,"Near Point","TestOrganization","TestOrganization",1.4,"TestDescription","dat$SYSTEM_NAME"
60,"North Fork","TestOrganization","TestOrganization",1.4,"TestDescription","dat$SYSTEM_NAME"
61,"Panorama View","TestOrganization","TestOrganization",1.4,"TestDescription","dat$SYSTEM_NAME"
62,"Peak Spor RR","TestOrganization","TestOrganization",1.4,"TestDescription","dat$SYSTEM_NAME"
63,"Penguin Peak","TestOrganization","TestOrganization",1.4,"TestDescription","dat$SYSTEM_NAME"
64,"Penguin Creek","TestOrganization","TestOrganization",1.4,"TestDescription","dat$SYSTEM_NAME"
65,"Peters Valley","TestOrganization","TestOrganization",1.4,"TestDescription","dat$SYSTEM_NAME"
66,"Picnic Loop","TestOrganization","TestOrganization",1.4,"TestDescription","dat$SYSTEM_NAME"
67,"Powerline","TestOrganization","TestOrganization",1.4,"TestDescription","dat$SYSTEM_NAME"
68,"Powerline Access","TestOrganization","TestOrganization",1.4,"TestDescription","dat$SYSTEM_NAME"
69,"Ptarmigan Valley","TestOrganization","TestOrganization",1.4,"TestDescription","dat$SYSTEM_NAME"
70,"Ptarmigan Pass","TestOrganization","TestOrganization",1.4,"TestDescription","dat$SYSTEM_NAME"
71,"Public Use Cabin","TestOrganization","TestOrganization",1.4,"TestDescription","dat$SYSTEM_NAME"
72,"Rabbit Lake","TestOrganization","TestOrganization",1.4,"TestDescription","dat$SYSTEM_NAME"
73,"Rapids Camp Loop","TestOrganization","TestOrganization",1.4,"TestDescription","dat$SYSTEM_NAME"
74,"Rapids Camp Yurt","TestOrganization","TestOrganization",1.4,"TestDescription","dat$SYSTEM_NAME"
75,"River Loop","TestOrganization","TestOrganization",1.4,"TestDescription","dat$SYSTEM_NAME"
76,"River Loop Yurt","TestOrganization","TestOrganization",1.4,"TestDescription","dat$SYSTEM_NAME"
77,"RL Interp","TestOrganization","TestOrganization",1.4,"TestDescription","dat$SYSTEM_NAME"
78,"RL Interp 2","TestOrganization","TestOrganization",1.4,"TestDescription","dat$SYSTEM_NAME"
79,"RL Interp 3","TestOrganization","TestOrganization",1.4,"TestDescription","dat$SYSTEM_NAME"
80,"Rodak Nature Loop","TestOrganization","TestOrganization",1.4,"TestDescription","dat$SYSTEM_NAME"
81,"Rondevous Peak","TestOrganization","TestOrganization",1.4,"TestDescription","dat$SYSTEM_NAME"
82,"Rondevous Ridge","TestOrganization","TestOrganization",1.4,"TestDescription","dat$SYSTEM_NAME"
83,"Ship Lake Pass","TestOrganization","TestOrganization",1.4,"TestDescription","dat$SYSTEM_NAME"
84,"Silver Fern","TestOrganization","TestOrganization",1.4,"TestDescription","dat$SYSTEM_NAME"
85,"Snowmobile Entrance","TestOrganization","TestOrganization",1.4,"TestDescription","dat$SYSTEM_NAME"
86,"Snowmobile Exit","TestOrganization","TestOrganization",1.4,"TestDescription","dat$SYSTEM_NAME"
87,"South Fork ER","TestOrganization","TestOrganization",1.4,"TestDescription","dat$SYSTEM_NAME"
88,"South Fork Rim","TestOrganization","TestOrganization",1.4,"TestDescription","dat$SYSTEM_NAME"
89,"Spencer","TestOrganization","TestOrganization",1.4,"TestDescription","dat$SYSTEM_NAME"
90,"Spencer Loop","TestOrganization","TestOrganization",1.4,"TestDescription","dat$SYSTEM_NAME"
91,"Spur 1","TestOrganization","TestOrganization",1.4,"TestDescription","dat$SYSTEM_NAME"
92,"Spur 2","TestOrganization","TestOrganization",1.4,"TestDescription","dat$SYSTEM_NAME"
93,"Thunderbird Falls","TestOrganization","TestOrganization",1.4,"TestDescription","dat$SYSTEM_NAME"
94,"Track 3","TestOrganization","TestOrganization",1.4,"TestDescription","dat$SYSTEM_NAME"
95,"Track 7","TestOrganization","TestOrganization",1.4,"TestDescription","dat$SYSTEM_NAME"
96,"Turnagain Arm","TestOrganization","TestOrganization",1.4,"TestDescription","dat$SYSTEM_NAME"
97,"Turnagain Arm Interpretive","TestOrganization","TestOrganization",1.4,"TestDescription","dat$SYSTEM_NAME"
98,"Twin Peaks","TestOrganization","TestOrganization",1.4,"TestDescription","dat$SYSTEM_NAME"
99,"White Spruce","TestOrganization","TestOrganization",1.4,"TestDescription","dat$SYSTEM_NAME"
100,"Williwaw Lakes","TestOrganization","TestOrganization",1.4,"TestDescription","dat$SYSTEM_NAME"
101,"Wolverine Peak","TestOrganization","TestOrganization",1.4,"TestDescription","dat$SYSTEM_NAME"
102,"Wolverine Bowl","TestOrganization","TestOrganization",1.4,"TestDescription","dat$SYSTEM_NAME"
103,"Wolverine Bowl Loop","TestOrganization","TestOrganization",1.4,"TestDescription","dat$SYSTEM_NAME"
104,"Yurt Classrom","TestOrganization","TestOrganization",1.4,"TestDescription","dat$SYSTEM_NAME"
106,"Chester Creek Trail","TestOrganization","TestOrganization",1.4,"TestDescription","dat$SYSTEM_NAME"
144,"Out H To Cutoff","TestOrganization","TestOrganization",1.4,"TestDescription","dat$SYSTEM_NAME"
145,"In Cutoff To H","TestOrganization","TestOrganization",1.4,"TestDescription","dat$SYSTEM_NAME"
146,"Inbound","TestOrganization","TestOrganization",1.4,"TestDescription","dat$SYSTEM_NAME"
148,"Outbound","TestOrganization","TestOrganization",1.4,"TestDescription","dat$SYSTEM_NAME"
151,"2.5 Km","TestOrganization","TestOrganization",1.4,"TestDescription","dat$SYSTEM_NAME"
154,"Go Again","TestOrganization","TestOrganization",1.4,"TestDescription","dat$SYSTEM_NAME"
157,"Mirror Lake Park","TestOrganization","TestOrganization",1.4,"TestDescription","dat$SYSTEM_NAME"
160,"N Connect","TestOrganization","TestOrganization",1.4,"TestDescription","dat$SYSTEM_NAME"
164,"School Track","TestOrganization","TestOrganization",1.4,"TestDescription","dat$SYSTEM_NAME"
166,"S Connect","TestOrganization","TestOrganization",1.4,"TestDescription","dat$SYSTEM_NAME"
176,"Mize Loop","TestOrganization","TestOrganization",1.4,"TestDescription","dat$SYSTEM_NAME"
177,"Chalet Loop","TestOrganization","TestOrganization",1.4,"TestDescription","dat$SYSTEM_NAME"
179,"Sullivan Nature Trail","TestOrganization","TestOrganization",1.4,"TestDescription","dat$SYSTEM_NAME"
181,"Tikishla Park Trail","TestOrganization","TestOrganization",1.4,"TestDescription","dat$SYSTEM_NAME"
184,"Bridge Loop","TestOrganization","TestOrganization",1.4,"TestDescription","dat$SYSTEM_NAME"
185,"Christy Loop","TestOrganization","TestOrganization",1.4,"TestDescription","dat$SYSTEM_NAME"
188,"Fish Creek","TestOrganization","TestOrganization",1.4,"TestDescription","dat$SYSTEM_NAME"
190,"Tour Of Anchorage","TestOrganization","TestOrganization",1.4,"TestDescription","dat$SYSTEM_NAME"
193,"Campbell Creek Trail","TestOrganization","TestOrganization",1.4,"TestDescription","dat$SYSTEM_NAME"
199,"HILL","TestOrganization","TestOrganization",1.4,"TestDescription","dat$SYSTEM_NAME"
222,"Coyote Trail","TestOrganization","TestOrganization",1.4,"TestDescription","dat$SYSTEM_NAME"
223,"Tank Trail","TestOrganization","TestOrganization",1.4,"TestDescription","dat$SYSTEM_NAME"
229,"Centennial","TestOrganization","TestOrganization",1.4,"TestDescription","dat$SYSTEM_NAME"
232,"Ship Creek","TestOrganization","TestOrganization",1.4,"TestDescription","dat$SYSTEM_NAME"
234,"UAA Ski","TestOrganization","TestOrganization",1.4,"TestDescription","dat$SYSTEM_NAME"
236,"Coastal Trail","TestOrganization","TestOrganization",1.4,"TestDescription","dat$SYSTEM_NAME"
239,"Bartlett","TestOrganization","TestOrganization",1.4,"TestDescription","dat$SYSTEM_NAME"
240,"Inner Loop Trail","TestOrganization","TestOrganization",1.4,"TestDescription","dat$SYSTEM_NAME"
241,"14 Mile Loop","TestOrganization","TestOrganization",1.4,"TestDescription","dat$SYSTEM_NAME"
242,"Homecoming/poleline","TestOrganization","TestOrganization",1.4,"TestDescription","dat$SYSTEM_NAME"
248,"Rondy Cut Off Trail","TestOrganization","TestOrganization",1.4,"TestDescription","dat$SYSTEM_NAME"
255,"Abbott Loop Trail","TestOrganization","TestOrganization",1.4,"TestDescription","dat$SYSTEM_NAME"
261,"Ice Box","TestOrganization","TestOrganization",1.4,"TestDescription","dat$SYSTEM_NAME"
262,"Corral Loop","TestOrganization","TestOrganization",1.4,"TestDescription","dat$SYSTEM_NAME"
269,"Beaver Pl. Trail","TestOrganization","TestOrganization",1.4,"TestDescription","dat$SYSTEM_NAME"
270,"Russian Jack Spur","TestOrganization","TestOrganization",1.4,"TestDescription","dat$SYSTEM_NAME"
272,"Hornet's Nest","TestOrganization","TestOrganization",1.4,"TestDescription","dat$SYSTEM_NAME"
273,"Janice's Jive","TestOrganization","TestOrganization",1.4,"TestDescription","dat$SYSTEM_NAME"
278,"Baxter Bog","TestOrganization","TestOrganization",1.4,"TestDescription","dat$SYSTEM_NAME"
280,"Glenn Hwy Trail","TestOrganization","TestOrganization",1.4,"TestDescription","dat$SYSTEM_NAME"
303,"The Hive","TestOrganization","TestOrganization",1.4,"TestDescription","dat$SYSTEM_NAME"
305,"Junkyard","TestOrganization","TestOrganization",1.4,"TestDescription","dat$SYSTEM_NAME"
358,"Outgoing Trail","TestOrganization","TestOrganization",1.4,"TestDescription","dat$SYSTEM_NAME"
399,"Queen Bee Loop","TestOrganization","TestOrganization",1.4,"TestDescription","dat$SYSTEM_NAME"
404,"Upper Gasline Trail","TestOrganization","TestOrganization",1.4,"TestDescription","dat$SYSTEM_NAME"
414,"Beaver Dam Trail","TestOrganization","TestOrganization",1.4,"TestDescription","dat$SYSTEM_NAME"
415,"Arlene's Way","TestOrganization","TestOrganization",1.4,"TestDescription","dat$SYSTEM_NAME"
438,"Mt. View Sch. Trail","TestOrganization","TestOrganization",1.4,"TestDescription","dat$SYSTEM_NAME"
456,"Viewpoint Trail","TestOrganization","TestOrganization",1.4,"TestDescription","dat$SYSTEM_NAME"
458,"Lake Loop","TestOrganization","TestOrganization",1.4,"TestDescription","dat$SYSTEM_NAME"
468,"Mchugh Creek Pedestrian","TestOrganization","TestOrganization",1.4,"TestDescription","dat$SYSTEM_NAME"
478,"Bragaw","TestOrganization","TestOrganization",1.4,"TestDescription","dat$SYSTEM_NAME"
504,"Wonder Park Sch. Trail","TestOrganization","TestOrganization",1.4,"TestDescription","dat$SYSTEM_NAME"
509,"Yellow Jacket","TestOrganization","TestOrganization",1.4,"TestDescription","dat$SYSTEM_NAME"
517,"Shield's Trail","TestOrganization","TestOrganization",1.4,"TestDescription","dat$SYSTEM_NAME"
526,"Old Rondy Trail","TestOrganization","TestOrganization",1.4,"TestDescription","dat$SYSTEM_NAME"
531,"Goose Lake Trail","TestOrganization","TestOrganization",1.4,"TestDescription","dat$SYSTEM_NAME"
554,"New Seward Hwy. Trail","TestOrganization","TestOrganization",1.4,"TestDescription","dat$SYSTEM_NAME"
563,"Dimond (South Side)","TestOrganization","TestOrganization",1.4,"TestDescription","dat$SYSTEM_NAME"
571,"Old Seward Hwy. Trail","TestOrganization","TestOrganization",1.4,"TestDescription","dat$SYSTEM_NAME"
579,"Rover's Run Trail","TestOrganization","TestOrganization",1.4,"TestDescription","dat$SYSTEM_NAME"
588,"Eight Mile Trail","TestOrganization","TestOrganization",1.4,"TestDescription","dat$SYSTEM_NAME"
590,"2.5 Km Loop","TestOrganization","TestOrganization",1.4,"TestDescription","dat$SYSTEM_NAME"
595,"RABBIT CREEK PARK TRAIL","TestOrganization","TestOrganization",1.4,"TestDescription","dat$SYSTEM_NAME"
598,"Abbott Trail","TestOrganization","TestOrganization",1.4,"TestDescription","dat$SYSTEM_NAME"
600,"Seward Hwy. Trail","TestOrganization","TestOrganization",1.4,"TestDescription","dat$SYSTEM_NAME"
604,"Nordic Trail","TestOrganization","TestOrganization",1.4,"TestDescription","dat$SYSTEM_NAME"
607,"Appendix","TestOrganization","TestOrganization",1.4,"TestDescription","dat$SYSTEM_NAME"
608,"Moose Meadow Trail","TestOrganization","TestOrganization",1.4,"TestDescription","dat$SYSTEM_NAME"
609,"Alyeska Highway Trail","TestOrganization","TestOrganization",1.4,"TestDescription","dat$SYSTEM_NAME"
675,"Moose Ridge Loop","TestOrganization","TestOrganization",1.4,"TestDescription","dat$SYSTEM_NAME"
676,"2.1 Km Loop","TestOrganization","TestOrganization",1.4,"TestDescription","dat$SYSTEM_NAME"
677,"4.5km Loop","TestOrganization","TestOrganization",1.4,"TestDescription","dat$SYSTEM_NAME"
699,"Gruening Sch. Trail","TestOrganization","TestOrganization",1.4,"TestDescription","dat$SYSTEM_NAME"
750,"Old Three Mile Trail","TestOrganization","TestOrganization",1.4,"TestDescription","dat$SYSTEM_NAME"
771,"Whaley Sch. Trail","TestOrganization","TestOrganization",1.4,"TestDescription","dat$SYSTEM_NAME"
784,"Homestead Trail","TestOrganization","TestOrganization",1.4,"TestDescription","dat$SYSTEM_NAME"
788,"Four Corners Connector Loop","TestOrganization","TestOrganization",1.4,"TestDescription","dat$SYSTEM_NAME"
789,"Big Dipper","TestOrganization","TestOrganization",1.4,"TestDescription","dat$SYSTEM_NAME"
803,"Mahaffey/APU","TestOrganization","TestOrganization",1.4,"TestDescription","dat$SYSTEM_NAME"
855,"North Coastal Trail","TestOrganization","TestOrganization",1.4,"TestDescription","dat$SYSTEM_NAME"
861,"Dimond (North Side)","TestOrganization","TestOrganization",1.4,"TestDescription","dat$SYSTEM_NAME"
868,"Raspberry Parking Lot Connector","TestOrganization","TestOrganization",1.4,"TestDescription","dat$SYSTEM_NAME"
869,"Alyeska Basin Subdivision Trails","TestOrganization","TestOrganization",1.4,"TestDescription","dat$SYSTEM_NAME"
874,"The Burn Lighted Loop","TestOrganization","TestOrganization",1.4,"TestDescription","dat$SYSTEM_NAME"
882,"Tiny Creek Trails","TestOrganization","TestOrganization",1.4,"TestDescription","dat$SYSTEM_NAME"
914,"Jodhpur Loop","TestOrganization","TestOrganization",1.4,"TestDescription","dat$SYSTEM_NAME"
937,"Margauxs Loop","TestOrganization","TestOrganization",1.4,"TestDescription","dat$SYSTEM_NAME"
1000,"Glacier Creek/iditarod Trail System","TestOrganization","TestOrganization",1.4,"TestDescription","dat$SYSTEM_NAME"
1022,"Moose Ridge Trail","TestOrganization","TestOrganization",1.4,"TestDescription","dat$SYSTEM_NAME"
1024,"Picket Spur Trail","TestOrganization","TestOrganization",1.4,"TestDescription","dat$SYSTEM_NAME"
1025,"Unnnamed","TestOrganization","TestOrganization",1.4,"TestDescription","dat$SYSTEM_NAME"
1035,"Preliminary Iditarod Realignment (2002)","TestOrganization","TestOrganization",1.4,"TestDescription","dat$SYSTEM_NAME"
1069,"Alex Sisson Loop","TestOrganization","TestOrganization",1.4,"TestDescription","dat$SYSTEM_NAME"
1080,"Upper Moen","TestOrganization","TestOrganization",1.4,"TestDescription","dat$SYSTEM_NAME"
1081,"Little Rc Gully Route","TestOrganization","TestOrganization",1.4,"TestDescription","dat$SYSTEM_NAME"
1083,"W Face Baldy","TestOrganization","TestOrganization",1.4,"TestDescription","dat$SYSTEM_NAME"
1093,"North Gasline/powerline Trail","TestOrganization","TestOrganization",1.4,"TestDescription","dat$SYSTEM_NAME"
1117,"Biathalon Loop","TestOrganization","TestOrganization",1.4,"TestDescription","dat$SYSTEM_NAME"
1118,"Lekisch Dark Alley","TestOrganization","TestOrganization",1.4,"TestDescription","dat$SYSTEM_NAME"
1119,"Lekisch Loop","TestOrganization","TestOrganization",1.4,"TestDescription","dat$SYSTEM_NAME"
1121,"Andrew Lekisch Trail","TestOrganization","TestOrganization",1.4,"TestDescription","dat$SYSTEM_NAME"
1172,"Main","TestOrganization","TestOrganization",1.4,"TestDescription","dat$SYSTEM_NAME"
1186,"Peanut Farm","TestOrganization","TestOrganization",1.4,"TestDescription","dat$SYSTEM_NAME"
1187,"4.5km Loop Trail","TestOrganization","TestOrganization",1.4,"TestDescription","dat$SYSTEM_NAME"
1260,"Sisson Loop","TestOrganization","TestOrganization",1.4,"TestDescription","dat$SYSTEM_NAME"
1269,"Maximilian","TestOrganization","TestOrganization",1.4,"TestDescription","dat$SYSTEM_NAME"
1270,"The Football","TestOrganization","TestOrganization",1.4,"TestDescription","dat$SYSTEM_NAME"
1272,"Airstrip Loop","TestOrganization","TestOrganization",1.4,"TestDescription","dat$SYSTEM_NAME"
1273,"Ballfield","TestOrganization","TestOrganization",1.4,"TestDescription","dat$SYSTEM_NAME"
1274,"Glen Alps/ Middle Fork","TestOrganization","TestOrganization",1.4,"TestDescription","dat$SYSTEM_NAME"
1275,"Flattop","TestOrganization","TestOrganization",1.4,"TestDescription","dat$SYSTEM_NAME"
1276,"Payne Path","TestOrganization","TestOrganization",1.4,"TestDescription","dat$SYSTEM_NAME"
1285,"Junkyard Hill","TestOrganization","TestOrganization",1.4,"TestDescription","dat$SYSTEM_NAME"
1324,"Besh Lighted Loop","TestOrganization","TestOrganization",1.4,"TestDescription","dat$SYSTEM_NAME"
1371,"Beaver Pond Trail","TestOrganization","TestOrganization",1.4,"TestDescription","dat$SYSTEM_NAME"
1372,"Virgin Creek Trail System","TestOrganization","TestOrganization",1.4,"TestDescription","dat$SYSTEM_NAME"
1426,"Gasline Trail","TestOrganization","TestOrganization",1.4,"TestDescription","dat$SYSTEM_NAME"
1494,"Richter Loop","TestOrganization","TestOrganization",1.4,"TestDescription","dat$SYSTEM_NAME"
1495,"BLM Ridge","TestOrganization","TestOrganization",1.4,"TestDescription","dat$SYSTEM_NAME"
1504,"Woodway Loop Trail","TestOrganization","TestOrganization",1.4,"TestDescription","dat$SYSTEM_NAME"
1506,"Off Leash Trail","TestOrganization","TestOrganization",1.4,"TestDescription","dat$SYSTEM_NAME"
1528,"Roller Coaster","TestOrganization","TestOrganization",1.4,"TestDescription","dat$SYSTEM_NAME"
1532,"Grass Trail","TestOrganization","TestOrganization",1.4,"TestDescription","dat$SYSTEM_NAME"
1564,"Six Mile Trail","TestOrganization","TestOrganization",1.4,"TestDescription","dat$SYSTEM_NAME"
1602,"Inner Lake Loop","TestOrganization","TestOrganization",1.4,"TestDescription","dat$SYSTEM_NAME"
1683,"Dark Alley","TestOrganization","TestOrganization",1.4,"TestDescription","dat$SYSTEM_NAME"
1684,"Horseshoe Loop","TestOrganization","TestOrganization",1.4,"TestDescription","dat$SYSTEM_NAME"
1712,"Hillside Loop","TestOrganization","TestOrganization",1.4,"TestDescription","dat$SYSTEM_NAME"
1714,"Randys Loop","TestOrganization","TestOrganization",1.4,"TestDescription","dat$SYSTEM_NAME"
1788,"Elevator","TestOrganization","TestOrganization",1.4,"TestDescription","dat$SYSTEM_NAME"
1790,"Southside Switchback","TestOrganization","TestOrganization",1.4,"TestDescription","dat$SYSTEM_NAME"
1793,"West Face","TestOrganization","TestOrganization",1.4,"TestDescription","dat$SYSTEM_NAME"
1795,"Airstrip Trail","TestOrganization","TestOrganization",1.4,"TestDescription","dat$SYSTEM_NAME"
1800,"Johnson Trail","TestOrganization","TestOrganization",1.4,"TestDescription","dat$SYSTEM_NAME"
1801,"RC Meadow 3","TestOrganization","TestOrganization",1.4,"TestDescription","dat$SYSTEM_NAME"
1802,"RC Meadow 4","TestOrganization","TestOrganization",1.4,"TestDescription","dat$SYSTEM_NAME"
1803,"North Gasline Trail","TestOrganization","TestOrganization",1.4,"TestDescription","dat$SYSTEM_NAME"
1808,"Mizes Folly","TestOrganization","TestOrganization",1.4,"TestDescription","dat$SYSTEM_NAME"
1811,"Bog Trail","TestOrganization","TestOrganization",1.4,"TestDescription","dat$SYSTEM_NAME"
1814,"Dome Trail","TestOrganization","TestOrganization",1.4,"TestDescription","dat$SYSTEM_NAME"
1880,"Ann's Alley","TestOrganization","TestOrganization",1.4,"TestDescription","dat$SYSTEM_NAME"
1884,"Short Cut","TestOrganization","TestOrganization",1.4,"TestDescription","dat$SYSTEM_NAME"
1886,"Junior Nordic Loop","TestOrganization","TestOrganization",1.4,"TestDescription","dat$SYSTEM_NAME"
1901,"Elliots Climb","TestOrganization","TestOrganization",1.4,"TestDescription","dat$SYSTEM_NAME"
1925,"Moose Track Trail","TestOrganization","TestOrganization",1.4,"TestDescription","dat$SYSTEM_NAME"
2011,"So Baldy Traverse","TestOrganization","TestOrganization",1.4,"TestDescription","dat$SYSTEM_NAME"
2017,"Multi-use To Bivouc","TestOrganization","TestOrganization",1.4,"TestDescription","dat$SYSTEM_NAME"
2027,"Lakeside Loop","TestOrganization","TestOrganization",1.4,"TestDescription","dat$SYSTEM_NAME"
2029,"Spruce Loop","TestOrganization","TestOrganization",1.4,"TestDescription","dat$SYSTEM_NAME"
2037,"S Turns","TestOrganization","TestOrganization",1.4,"TestDescription","dat$SYSTEM_NAME"
2066,"Old 3.9","TestOrganization","TestOrganization",1.4,"TestDescription","dat$SYSTEM_NAME"
2067,"Compression","TestOrganization","TestOrganization",1.4,"TestDescription","dat$SYSTEM_NAME"
2070,"Old Six","TestOrganization","TestOrganization",1.4,"TestDescription","dat$SYSTEM_NAME"
2159,"Glenn Hwy. Trail","TestOrganization","TestOrganization",1.4,"TestDescription","dat$SYSTEM_NAME"
2201,"Spencer Short Cut","TestOrganization","TestOrganization",1.4,"TestDescription","dat$SYSTEM_NAME"
2209,"Gasline To Rabbit Cr Rd","TestOrganization","TestOrganization",1.4,"TestDescription","dat$SYSTEM_NAME"
2210,"Southpark Lp","TestOrganization","TestOrganization",1.4,"TestDescription","dat$SYSTEM_NAME"
2212,"Little Rabbit Creek","TestOrganization","TestOrganization",1.4,"TestDescription","dat$SYSTEM_NAME"
2215,"Terrace Wood Connection","TestOrganization","TestOrganization",1.4,"TestDescription","dat$SYSTEM_NAME"
2216,"Cobblestone Hill Rd","TestOrganization","TestOrganization",1.4,"TestDescription","dat$SYSTEM_NAME"
2218,"View Rock Trail","TestOrganization","TestOrganization",1.4,"TestDescription","dat$SYSTEM_NAME"
2220,"After Dinner Tr","TestOrganization","TestOrganization",1.4,"TestDescription","dat$SYSTEM_NAME"
2222,"Snow Bear Path","TestOrganization","TestOrganization",1.4,"TestDescription","dat$SYSTEM_NAME"
2223,"E 172nd Trail","TestOrganization","TestOrganization",1.4,"TestDescription","dat$SYSTEM_NAME"
2224,"X Hmstd Rd","TestOrganization","TestOrganization",1.4,"TestDescription","dat$SYSTEM_NAME"
2225,"Margeurite Hills","TestOrganization","TestOrganization",1.4,"TestDescription","dat$SYSTEM_NAME"
2230,"RC Meadow 5","TestOrganization","TestOrganization",1.4,"TestDescription","dat$SYSTEM_NAME"
2238,"Southwest","TestOrganization","TestOrganization",1.4,"TestDescription","dat$SYSTEM_NAME"
2239,"along lake to south","TestOrganization","TestOrganization",1.4,"TestDescription","dat$SYSTEM_NAME"
2240,"Lower Moen Hmstd","TestOrganization","TestOrganization",1.4,"TestDescription","dat$SYSTEM_NAME"
2241,"Old Hwy Trail","TestOrganization","TestOrganization",1.4,"TestDescription","dat$SYSTEM_NAME"
2242,"East Rib To Mchugh Cr","TestOrganization","TestOrganization",1.4,"TestDescription","dat$SYSTEM_NAME"
2250,"Potter Interp. Trail","TestOrganization","TestOrganization",1.4,"TestDescription","dat$SYSTEM_NAME"
2256,"So Potter Ridge","TestOrganization","TestOrganization",1.4,"TestDescription","dat$SYSTEM_NAME"
2257,"Potter Mchugh Ridge","TestOrganization","TestOrganization",1.4,"TestDescription","dat$SYSTEM_NAME"
2263,"Powerline/near Point","TestOrganization","TestOrganization",1.4,"TestDescription","dat$SYSTEM_NAME"
2266,"Powerline/gasline","TestOrganization","TestOrganization",1.4,"TestDescription","dat$SYSTEM_NAME"
2289,"Alder Trail","TestOrganization","TestOrganization",1.4,"TestDescription","dat$SYSTEM_NAME"
2293,"Cuddy Family Midtown Park Loop","TestOrganization","TestOrganization",1.4,"TestDescription","dat$SYSTEM_NAME"
2355,"Winner Creek Trail","TestOrganization","TestOrganization",1.4,"TestDescription","dat$SYSTEM_NAME"
2356,"California Creek Trail","TestOrganization","TestOrganization",1.4,"TestDescription","dat$SYSTEM_NAME"
2359,"Athabascan Physics Trail","TestOrganization","TestOrganization",1.4,"TestDescription","dat$SYSTEM_NAME"
2360,"Iditarod Trail","TestOrganization","TestOrganization",1.4,"TestDescription","dat$SYSTEM_NAME"
2375,"Mud Bog Trail","TestOrganization","TestOrganization",1.4,"TestDescription","dat$SYSTEM_NAME"
2376,"Connect","TestOrganization","TestOrganization",1.4,"TestDescription","dat$SYSTEM_NAME"
2378,"Sec 36 Hmstd Rd","TestOrganization","TestOrganization",1.4,"TestDescription","dat$SYSTEM_NAME"
2379,"School","TestOrganization","TestOrganization",1.4,"TestDescription","dat$SYSTEM_NAME"
2415,"Glenalps View Loop","TestOrganization","TestOrganization",1.4,"TestDescription","dat$SYSTEM_NAME"
2419,"Soccer Field","TestOrganization","TestOrganization",1.4,"TestDescription","dat$SYSTEM_NAME"
2421,"Hill Topper Loop","TestOrganization","TestOrganization",1.4,"TestDescription","dat$SYSTEM_NAME"
2423,"To Lake","TestOrganization","TestOrganization",1.4,"TestDescription","dat$SYSTEM_NAME"
2426,"Minnesota Moose Loop","TestOrganization","TestOrganization",1.4,"TestDescription","dat$SYSTEM_NAME"
2453,"Hand Tram Trail","TestOrganization","TestOrganization",1.4,"TestDescription","dat$SYSTEM_NAME"
2455,"Prospect/middle Fork","TestOrganization","TestOrganization",1.4,"TestDescription","dat$SYSTEM_NAME"
2456,"Middle Fork","TestOrganization","TestOrganization",1.4,"TestDescription","dat$SYSTEM_NAME"
2457,"Upper Huffman Access","TestOrganization","TestOrganization",1.4,"TestDescription","dat$SYSTEM_NAME"
2458,"Glen Alps To Powerline A","TestOrganization","TestOrganization",1.4,"TestDescription","dat$SYSTEM_NAME"
2459,"Glenalps To Powerline B","TestOrganization","TestOrganization",1.4,"TestDescription","dat$SYSTEM_NAME"
2461,"Flattop Option","TestOrganization","TestOrganization",1.4,"TestDescription","dat$SYSTEM_NAME"
2462,"Rabbit Creek Greenbelt","TestOrganization","TestOrganization",1.4,"TestDescription","dat$SYSTEM_NAME"
2465,"Cannonrd","TestOrganization","TestOrganization",1.4,"TestDescription","dat$SYSTEM_NAME"
2466,"RC Spur","TestOrganization","TestOrganization",1.4,"TestDescription","dat$SYSTEM_NAME"
2468,"RC Meadow 2","TestOrganization","TestOrganization",1.4,"TestDescription","dat$SYSTEM_NAME"
2470,"Prator Spur","TestOrganization","TestOrganization",1.4,"TestDescription","dat$SYSTEM_NAME"
2472,"East Boundary Trail","TestOrganization","TestOrganization",1.4,"TestDescription","dat$SYSTEM_NAME"
2474,"N. Picket Trail","TestOrganization","TestOrganization",1.4,"TestDescription","dat$SYSTEM_NAME"
2475,"RC Meadow 1","TestOrganization","TestOrganization",1.4,"TestDescription","dat$SYSTEM_NAME"
2479,"Real Ridge","TestOrganization","TestOrganization",1.4,"TestDescription","dat$SYSTEM_NAME"
2481,"Ridge Loop","TestOrganization","TestOrganization",1.4,"TestDescription","dat$SYSTEM_NAME"
2492,"Ship Creek Trail","TestOrganization","TestOrganization",1.4,"TestDescription","dat$SYSTEM_NAME"
2494,"Moose Hill","TestOrganization","TestOrganization",1.4,"TestDescription","dat$SYSTEM_NAME"
2512,"7.5 Km","TestOrganization","TestOrganization",1.4,"TestDescription","dat$SYSTEM_NAME"
2565,"Mama's Loop","TestOrganization","TestOrganization",1.4,"TestDescription","dat$SYSTEM_NAME"
2567,"Hill Loop","TestOrganization","TestOrganization",1.4,"TestDescription","dat$SYSTEM_NAME"
2593,"SLEDING HILL","TestOrganization","TestOrganization",1.4,"TestDescription","dat$SYSTEM_NAME"
2594,"to main","TestOrganization","TestOrganization",1.4,"TestDescription","dat$SYSTEM_NAME"
2597,"Along Lake","TestOrganization","TestOrganization",1.4,"TestDescription","dat$SYSTEM_NAME"
2598,"Loop","TestOrganization","TestOrganization",1.4,"TestDescription","dat$SYSTEM_NAME"
2601,"Mchugh","TestOrganization","TestOrganization",1.4,"TestDescription","dat$SYSTEM_NAME"
2622,"Heights Hill Trail","TestOrganization","TestOrganization",1.4,"TestDescription","dat$SYSTEM_NAME"
2623,"Open Bog Trail","TestOrganization","TestOrganization",1.4,"TestDescription","dat$SYSTEM_NAME"
2627,"In Far To Cutoff","TestOrganization","TestOrganization",1.4,"TestDescription","dat$SYSTEM_NAME"
2628,"Existing Ridge Trail","TestOrganization","TestOrganization",1.4,"TestDescription","dat$SYSTEM_NAME"
2629,"U-turn Cut Thru","TestOrganization","TestOrganization",1.4,"TestDescription","dat$SYSTEM_NAME"
2630,"Bottom Cut Thru","TestOrganization","TestOrganization",1.4,"TestDescription","dat$SYSTEM_NAME"
2668,"Out Cut To Far H","TestOrganization","TestOrganization",1.4,"TestDescription","dat$SYSTEM_NAME"
2683,"ER Parks & Rec/HLB Trail","TestOrganization","TestOrganization",1.4,"TestDescription","dat$SYSTEM_NAME"
2712,"North Pasture","TestOrganization","TestOrganization",1.4,"TestDescription","dat$SYSTEM_NAME"
3035,"10 Ridgetop","TestOrganization","TestOrganization",1.4,"TestDescription","dat$SYSTEM_NAME"
3039,"Logjam Trail","TestOrganization","TestOrganization",1.4,"TestDescription","dat$SYSTEM_NAME"
3041,"Black Bear Trail","TestOrganization","TestOrganization",1.4,"TestDescription","dat$SYSTEM_NAME"
3139,"Gladys Wood Trail","TestOrganization","TestOrganization",1.4,"TestDescription","dat$SYSTEM_NAME"
3159,"Run Rover Run","TestOrganization","TestOrganization",1.4,"TestDescription","dat$SYSTEM_NAME"
3236,"Tashas Turn (connector)","TestOrganization","TestOrganization",1.4,"TestDescription","dat$SYSTEM_NAME"
3442,"Eagle River High School Trail","TestOrganization","TestOrganization",1.4,"TestDescription","dat$SYSTEM_NAME"
3507,"Mental Health Trust Loop Trail","TestOrganization","TestOrganization",1.4,"TestDescription","dat$SYSTEM_NAME"
3543,"Muldoon Swamp","TestOrganization","TestOrganization",1.4,"TestDescription","dat$SYSTEM_NAME"
3552,"Wagon Trail","TestOrganization","TestOrganization",1.4,"TestDescription","dat$SYSTEM_NAME"
3555,"E 142nd Trail","TestOrganization","TestOrganization",1.4,"TestDescription","dat$SYSTEM_NAME"
3558,"Belarde","TestOrganization","TestOrganization",1.4,"TestDescription","dat$SYSTEM_NAME"
3564,"Johnson Trail Spur","TestOrganization","TestOrganization",1.4,"TestDescription","dat$SYSTEM_NAME"
3598,"Old Mchugh Creek Trail","TestOrganization","TestOrganization",1.4,"TestDescription","dat$SYSTEM_NAME"
3712,"Culvert Trail","TestOrganization","TestOrganization",1.4,"TestDescription","dat$SYSTEM_NAME"
3755,"Ski Trail","TestOrganization","TestOrganization",1.4,"TestDescription","dat$SYSTEM_NAME"
3758,"Old 6.9 Loop (icebox/mizes Folly)","TestOrganization","TestOrganization",1.4,"TestDescription","dat$SYSTEM_NAME"
3759,"The Wall","TestOrganization","TestOrganization",1.4,"TestDescription","dat$SYSTEM_NAME"
3973,"Executioner","TestOrganization","TestOrganization",1.4,"TestDescription","dat$SYSTEM_NAME"
3974,"Coach's Cutoff","TestOrganization","TestOrganization",1.4,"TestDescription","dat$SYSTEM_NAME"
3977,"Spur Oscar Anderson","TestOrganization","TestOrganization",1.4,"TestDescription","dat$SYSTEM_NAME"
4684,"AWWU Trail","TestOrganization","TestOrganization",1.4,"TestDescription","dat$SYSTEM_NAME"
4873,"Tower Power","TestOrganization","TestOrganization",1.4,"TestDescription","dat$SYSTEM_NAME"
4874,"Kitchen Sink","TestOrganization","TestOrganization",1.4,"TestDescription","dat$SYSTEM_NAME"
4875,"Sand Box","TestOrganization","TestOrganization",1.4,"TestDescription","dat$SYSTEM_NAME"
4876,"C$ Express","TestOrganization","TestOrganization",1.4,"TestDescription","dat$SYSTEM_NAME"
4877,"Lee's Train","TestOrganization","TestOrganization",1.4,"TestDescription","dat$SYSTEM_NAME"
4878,"Good Greeff","TestOrganization","TestOrganization",1.4,"TestDescription","dat$SYSTEM_NAME"
4879,"QFB","TestOrganization","TestOrganization",1.4,"TestDescription","dat$SYSTEM_NAME"
4880,"Mighty Bike","TestOrganization","TestOrganization",1.4,"TestDescription","dat$SYSTEM_NAME"
4881,"Bolling Alley","TestOrganization","TestOrganization",1.4,"TestDescription","dat$SYSTEM_NAME"
4882,"Toilet Bowl","TestOrganization","TestOrganization",1.4,"TestDescription","dat$SYSTEM_NAME"
5142,"Chulitna Bluff","TestOrganization","TestOrganization",1.4,"TestDescription","dat$SYSTEM_NAME"
5143,"Crooked Lake","TestOrganization","TestOrganization",1.4,"TestDescription","dat$SYSTEM_NAME"
5144,"Plumley-Maud","TestOrganization","TestOrganization",1.4,"TestDescription","dat$SYSTEM_NAME"
5145,"Pioneer Ridge/Austin Helmer","TestOrganization","TestOrganization",1.4,"TestDescription","dat$SYSTEM_NAME"
5146,"Lazy Mountain","TestOrganization","TestOrganization",1.4,"TestDescription","dat$SYSTEM_NAME"
5147,"Morgan Horse","TestOrganization","TestOrganization",1.4,"TestDescription","dat$SYSTEM_NAME"
5148,"Sexton","TestOrganization","TestOrganization",1.4,"TestDescription","dat$SYSTEM_NAME"
5149,"Envy","TestOrganization","TestOrganization",1.4,"TestDescription","dat$SYSTEM_NAME"
5150,"Seventeen Mile Lake","TestOrganization","TestOrganization",1.4,"TestDescription","dat$SYSTEM_NAME"
5151,"Baxter Mine","TestOrganization","TestOrganization",1.4,"TestDescription","dat$SYSTEM_NAME"
5152,"Wishbone Lake","TestOrganization","TestOrganization",1.4,"TestDescription","dat$SYSTEM_NAME"
5153,"Knob Hill","TestOrganization","TestOrganization",1.4,"TestDescription","dat$SYSTEM_NAME"
5154,"Eska Creek Falls Multi-Use Trail","TestOrganization","TestOrganization",1.4,"TestDescription","dat$SYSTEM_NAME"
5155,"Premier Mine","TestOrganization","TestOrganization",1.4,"TestDescription","dat$SYSTEM_NAME"
5156,"Moose Creek Branch RR","TestOrganization","TestOrganization",1.4,"TestDescription","dat$SYSTEM_NAME"
5157,"Mint Glacier","TestOrganization","TestOrganization",1.4,"TestDescription","dat$SYSTEM_NAME"
5158,"Reed Lakes","TestOrganization","TestOrganization",1.4,"TestDescription","dat$SYSTEM_NAME"
5159,"Glacier Creek","TestOrganization","TestOrganization",1.4,"TestDescription","dat$SYSTEM_NAME"
5160,"King River","TestOrganization","TestOrganization",1.4,"TestDescription","dat$SYSTEM_NAME"
5161,"Chickaloon","TestOrganization","TestOrganization",1.4,"TestDescription","dat$SYSTEM_NAME"
5162,"Dan Creek","TestOrganization","TestOrganization",1.4,"TestDescription","dat$SYSTEM_NAME"
5163,"Crosswind lake","TestOrganization","TestOrganization",1.4,"TestDescription","dat$SYSTEM_NAME"
5164,"Corral Hill","TestOrganization","TestOrganization",1.4,"TestDescription","dat$SYSTEM_NAME"
5165,"Archangel","TestOrganization","TestOrganization",1.4,"TestDescription","dat$SYSTEM_NAME"
5166,"Upper Willow Creek","TestOrganization","TestOrganization",1.4,"TestDescription","dat$SYSTEM_NAME"
5167,"Talkeetna Mail (Herning)","TestOrganization","TestOrganization",1.4,"TestDescription","dat$SYSTEM_NAME"
5168,"Canyon Creek","TestOrganization","TestOrganization",1.4,"TestDescription","dat$SYSTEM_NAME"
5169,"Woodcutter","TestOrganization","TestOrganization",1.4,"TestDescription","dat$SYSTEM_NAME"
5170,"West Gateway","TestOrganization","TestOrganization",1.4,"TestDescription","dat$SYSTEM_NAME"
5171,"Mud Lake","TestOrganization","TestOrganization",1.4,"TestDescription","dat$SYSTEM_NAME"
5172,"Big Swamp","TestOrganization","TestOrganization",1.4,"TestDescription","dat$SYSTEM_NAME"
5173,"Rolly Creek","TestOrganization","TestOrganization",1.4,"TestDescription","dat$SYSTEM_NAME"
5175,"Rolly Creek Link","TestOrganization","TestOrganization",1.4,"TestDescription","dat$SYSTEM_NAME"
5176,"Talkeetna Lakes Park","TestOrganization","TestOrganization",1.4,"TestDescription","dat$SYSTEM_NAME"
5186,"Swan Lake Canoe Route","TestOrganization","TestOrganization",1.4,"TestDescription","dat$SYSTEM_NAME"
5187,"Fern Mine","TestOrganization","TestOrganization",1.4,"TestDescription","dat$SYSTEM_NAME"
5188,"Matanuska Greenbelt","TestOrganization","TestOrganization",1.4,"TestDescription","dat$SYSTEM_NAME"
5197,"Crevasse-Moraine","TestOrganization","TestOrganization",1.4,"TestDescription","dat$SYSTEM_NAME"
5223,"Matanuska Peak","TestOrganization","TestOrganization",1.4,"TestDescription","dat$SYSTEM_NAME"
5224,"McRoberts Creek","TestOrganization","TestOrganization",1.4,"TestDescription","dat$SYSTEM_NAME"
5225,"Carle Wagon","TestOrganization","TestOrganization",1.4,"TestDescription","dat$SYSTEM_NAME"
5226,"Government Peak","TestOrganization","TestOrganization",1.4,"TestDescription","dat$SYSTEM_NAME"
5227,"GPRA","TestOrganization","TestOrganization",1.4,"TestDescription","dat$SYSTEM_NAME"
